date,team_A,team_B,map,bo_type,lan,odds_A,odds_B,hltv_points_diff,valve_points_diff,form_A,form_B,ln_games_A,ln_games_B,map_wr_A,map_wr_B,h2h_A,avg_rating_3_0_diff,avg_rating_diff,coach_wr_A,coach_wr_B,pick_a_winner_A,roster_changed_last_30d_A,roster_changed_last_30d_B,winner_A
2026-01-13,OG,FUT,Ancient,3,0,2.54,1.52,-38,-319,0.333,0.76,1.791759469228055,3.218875824868201,0.5,0.62,0.5,-0.0539999999999998,-0.0404999999999999,0.55,0.63,0.423,1,0,0.0
2026-01-13,FUT,OG,Ancient,3,0,1.52,2.54,38,319,0.76,0.333,3.218875824868201,1.791759469228055,0.62,0.5,0.5,0.0539999999999998,0.0404999999999999,0.63,0.55,0.577,0,1,1.0
2026-01-13,OG,FUT,Mirage,3,0,2.54,1.52,-38,-319,0.333,0.76,1.791759469228055,3.218875824868201,0.5,0.78,0.5,-0.0539999999999998,-0.0404999999999999,0.55,0.63,0.423,1,0,0.0
2026-01-13,FUT,OG,Mirage,3,0,1.52,2.54,38,319,0.76,0.333,3.218875824868201,1.791759469228055,0.78,0.5,0.5,0.0539999999999998,0.0404999999999999,0.63,0.55,0.577,0,1,1.0
2026-01-13,EYEBALLERS,FaZe,Ancient,3,0,4.13,1.23,-343,-432,0.781,0.565,3.4011973816621555,3.091042453358316,0.8,0.25,0.5,0.046,-0.2299999999999999,0.55,0.57,0.267,0,0,0.0
2026-01-13,FaZe,EYEBALLERS,Ancient,3,0,1.23,4.13,343,432,0.565,0.781,3.091042453358316,3.4011973816621555,0.25,0.8,0.5,-0.046,0.2299999999999999,0.57,0.55,0.733,0,0,1.0
2026-01-13,EYEBALLERS,FaZe,Mirage,3,0,4.13,1.23,-343,-432,0.781,0.565,3.4011973816621555,3.091042453358316,0.53,0.44,0.5,0.046,-0.2299999999999999,0.55,0.57,0.267,0,0,1.0
2026-01-13,FaZe,EYEBALLERS,Mirage,3,0,1.23,4.13,343,432,0.565,0.781,3.091042453358316,3.4011973816621555,0.44,0.53,0.5,-0.046,0.2299999999999999,0.57,0.55,0.733,0,0,0.0
2026-01-13,EYEBALLERS,FaZe,Inferno,3,0,4.13,1.23,-343,-432,0.781,0.565,3.4011973816621555,3.091042453358316,0.82,0.7,0.5,0.046,-0.2299999999999999,0.55,0.57,0.267,0,0,1.0
2026-01-13,FaZe,EYEBALLERS,Inferno,3,0,1.23,4.13,343,432,0.565,0.781,3.091042453358316,3.4011973816621555,0.7,0.82,0.5,-0.046,0.2299999999999999,0.57,0.55,0.733,0,0,0.0
2026-01-13,fnatic,Astralis,Mirage,3,0,2.38,1.58,-75,-140,0.5,0.429,3.091042453358316,2.6390573296152584,0.44,0.25,0.5,-0.03,-0.1808999999999999,0.58,0.51,0.317,1,2,1.0
2026-01-13,Astralis,fnatic,Mirage,3,0,1.58,2.38,75,140,0.429,0.5,2.6390573296152584,3.091042453358316,0.25,0.44,0.5,0.03,0.1808999999999999,0.51,0.58,0.683,2,1,0.0
2026-01-13,fnatic,Astralis,Overpass,3,0,2.38,1.58,-75,-140,0.5,0.429,3.091042453358316,2.6390573296152584,0.33,0.5,0.5,-0.03,-0.1808999999999999,0.58,0.51,0.317,1,2,0.0
2026-01-13,Astralis,fnatic,Overpass,3,0,1.58,2.38,75,140,0.429,0.5,2.6390573296152584,3.091042453358316,0.5,0.33,0.5,0.03,0.1808999999999999,0.51,0.58,0.683,2,1,1.0
2026-01-13,fnatic,Astralis,Ancient,3,0,2.38,1.58,-75,-140,0.5,0.429,3.091042453358316,2.6390573296152584,0.3333333333333333,0.3333333333333333,0.5,-0.03,-0.1808999999999999,0.58,0.51,0.317,1,2,0.0
2026-01-13,Astralis,fnatic,Ancient,3,0,1.58,2.38,75,140,0.429,0.5,2.6390573296152584,3.091042453358316,0.3333333333333333,0.3333333333333333,0.5,0.03,0.1808999999999999,0.51,0.58,0.683,2,1,1.0
2026-01-13,HOTU,Aurora,Mirage,3,0,3.11,1.37,-140,-245,0.818,0.529,2.3978952727983707,2.833213344056216,0.8,0.4,0.5,0.0319999999999998,-0.2455,0.62,0.54,0.309,1,1,0.0
2026-01-13,Aurora,HOTU,Mirage,3,0,1.37,3.11,140,245,0.529,0.818,2.833213344056216,2.3978952727983707,0.4,0.8,0.5,-0.0319999999999998,0.2455,0.54,0.62,0.6910000000000001,1,1,1.0
2026-01-13,HOTU,Aurora,Nuke,3,0,3.11,1.37,-140,-245,0.818,0.529,2.3978952727983707,2.833213344056216,0.6666666666666666,0.625,0.5,0.0319999999999998,-0.2455,0.62,0.54,0.309,1,1,1.0
2026-01-13,Aurora,HOTU,Nuke,3,0,1.37,3.11,140,245,0.529,0.818,2.833213344056216,2.3978952727983707,0.625,0.6666666666666666,0.5,-0.0319999999999998,0.2455,0.54,0.62,0.6910000000000001,1,1,0.0
2026-01-13,HOTU,Aurora,Overpass,3,0,3.11,1.37,-140,-245,0.818,0.529,2.3978952727983707,2.833213344056216,0.25,0.5,0.5,0.0319999999999998,-0.2455,0.62,0.54,0.309,1,1,0.0
2026-01-13,Aurora,HOTU,Overpass,3,0,1.37,3.11,140,245,0.529,0.818,2.833213344056216,2.3978952727983707,0.5,0.25,0.5,-0.0319999999999998,0.2455,0.54,0.62,0.6910000000000001,1,1,1.0
2026-01-14,PassionUA,GamerLegion,Dust2,3,0,1.85,1.96,54,57,0.5,0.474,2.8903717578961645,2.9444389791664403,0.33,0.33,0.2857142857142857,-0.0359999999999998,0.1604999999999999,0.53,0.474,0.346,0,1,1.0
2026-01-14,GamerLegion,PassionUA,Dust2,3,0,1.96,1.85,-54,-57,0.474,0.5,2.9444389791664403,2.8903717578961645,0.33,0.33,0.2857142857142857,0.0359999999999998,-0.1604999999999999,0.474,0.53,0.654,1,0,0.0
2026-01-14,PassionUA,GamerLegion,Mirage,3,0,1.85,1.96,54,57,0.5,0.474,2.8903717578961645,2.9444389791664403,0.29,0.5,0.2857142857142857,-0.0359999999999998,0.1604999999999999,0.53,0.474,0.346,0,1,0.0
2026-01-14,GamerLegion,PassionUA,Mirage,3,0,1.96,1.85,-54,-57,0.474,0.5,2.9444389791664403,2.8903717578961645,0.5,0.29,0.2857142857142857,0.0359999999999998,-0.1604999999999999,0.474,0.53,0.654,1,0,1.0
2026-01-14,PassionUA,GamerLegion,Inferno,3,0,1.85,1.96,54,57,0.5,0.474,2.8903717578961645,2.9444389791664403,0.75,0.5,0.2857142857142857,-0.0359999999999998,0.1604999999999999,0.53,0.474,0.346,0,1,0.0
2026-01-14,GamerLegion,PassionUA,Inferno,3,0,1.96,1.85,-54,-57,0.474,0.5,2.9444389791664403,2.8903717578961645,0.5,0.75,0.2857142857142857,0.0359999999999998,-0.1604999999999999,0.474,0.53,0.654,1,0,1.0
2026-01-14,FriendlyCampers,HEROIC,Nuke,3,0,2.44,1.56,-34,-31,0.826,0.6,2.833213344056216,2.70805020110221,0.69,0.4,0.5,0.1039999999999998,-0.1581,0.67,0.49,0.259,5,2,0.0
2026-01-14,HEROIC,FriendlyCampers,Nuke,3,0,1.56,2.44,34,31,0.6,0.826,2.70805020110221,2.833213344056216,0.4,0.69,0.5,-0.1039999999999998,0.1581,0.49,0.67,0.741,2,5,1.0
2026-01-14,FriendlyCampers,HEROIC,Mirage,3,0,2.44,1.56,-34,-31,0.826,0.6,2.833213344056216,2.70805020110221,0.2,0.67,0.5,0.1039999999999998,-0.1581,0.67,0.49,0.259,5,2,0.0
2026-01-14,HEROIC,FriendlyCampers,Mirage,3,0,1.56,2.44,34,31,0.6,0.826,2.70805020110221,2.833213344056216,0.67,0.2,0.5,-0.1039999999999998,0.1581,0.49,0.67,0.741,2,5,1.0
2026-01-14,Monte,NaVi,Nuke,3,0,5.85,1.14,-340,-546,0.7,0.625,2.995732273553991,2.772588722239781,0.33,0.25,0.5,-0.008,-0.276,0.57,0.62,0.162,1,0,0.0
2026-01-14,NaVi,Monte,Nuke,3,0,1.14,5.85,340,546,0.625,0.7,2.772588722239781,2.995732273553991,0.25,0.33,0.5,0.008,0.276,0.62,0.57,0.838,0,1,1.0
2026-01-14,Monte,NaVi,Mirage,3,0,5.85,1.14,-340,-546,0.7,0.625,2.995732273553991,2.772588722239781,0.62,0.88,0.5,-0.008,-0.276,0.57,0.62,0.162,1,0,1.0
2026-01-14,NaVi,Monte,Mirage,3,0,1.14,5.85,340,546,0.625,0.7,2.772588722239781,2.995732273553991,0.88,0.62,0.5,0.008,0.276,0.62,0.57,0.838,0,1,0.0
2026-01-14,Monte,NaVi,Dust2,3,0,5.85,1.14,-340,-546,0.7,0.625,2.995732273553991,2.772588722239781,0.5,0.75,0.5,-0.008,-0.276,0.57,0.62,0.162,1,0,1.0
2026-01-14,NaVi,Monte,Dust2,3,0,1.14,5.85,340,546,0.625,0.7,2.772588722239781,2.995732273553991,0.75,0.5,0.5,0.008,0.276,0.62,0.57,0.838,0,1,0.0
2026-01-14,Virtus.pro,Vitality,Overpass,3,0,8.4,1.07,-885,-784,0.429,0.737,1.9459101490553128,2.8903717578961645,0.75,0.6,0.4,-0.09,0.3405,0.5,0.71,0.273,0,0,0.0
2026-01-14,Vitality,Virtus.pro,Overpass,3,0,1.07,8.4,885,784,0.737,0.429,2.8903717578961645,1.9459101490553128,0.6,0.75,0.4,0.09,-0.3405,0.71,0.5,0.727,0,0,1.0
2026-01-14,Virtus.pro,Vitality,Dust2,3,0,8.4,1.07,-885,-784,0.429,0.737,1.9459101490553128,2.8903717578961645,0.33,0.83,0.4,-0.09,0.3405,0.5,0.71,0.273,0,0,0.0
2026-01-14,Vitality,Virtus.pro,Dust2,3,0,1.07,8.4,885,784,0.737,0.429,2.8903717578961645,1.9459101490553128,0.83,0.33,0.4,0.09,-0.3405,0.71,0.5,0.727,0,0,1.0
2026-01-15,M80,GentleMates,Mirage,3,0,1.78,2.04,13,53,0.76,0.583,3.258096538021482,2.4849066497880004,0.83,0.2,0.5,0.11,0.2564999999999999,0.66,0.51,0.635,1,0,0.0
2026-01-15,GentleMates,M80,Mirage,3,0,2.04,1.78,-13,-53,0.583,0.76,2.4849066497880004,3.258096538021482,0.2,0.83,0.5,-0.11,-0.2564999999999999,0.51,0.66,0.365,0,1,1.0
2026-01-15,M80,GentleMates,Inferno,3,0,1.78,2.04,13,53,0.76,0.583,3.258096538021482,2.4849066497880004,0.44,0.57,0.5,0.11,0.2564999999999999,0.66,0.51,0.635,1,0,0.0
2026-01-15,GentleMates,M80,Inferno,3,0,2.04,1.78,-13,-53,0.583,0.76,2.4849066497880004,3.258096538021482,0.57,0.44,0.5,-0.11,-0.2564999999999999,0.51,0.66,0.365,0,1,1.0
2026-01-15,3DMAX,InnerCircle,Ancient,3,0,1.35,3.24,129,349,0.455,0.4,3.091042453358316,2.70805020110221,0.43,0.62,0.6,-0.0299999999999998,0.1302000000000002,0.51,0.51,0.703,0,2,0.0
2026-01-15,InnerCircle,3DMAX,Ancient,3,0,3.24,1.35,-129,-349,0.4,0.455,2.70805020110221,3.091042453358316,0.62,0.43,0.6,0.0299999999999998,-0.1302000000000002,0.51,0.51,0.297,2,0,1.0
2026-01-15,3DMAX,InnerCircle,Nuke,3,0,1.35,3.24,129,349,0.455,0.4,3.091042453358316,2.70805020110221,0.4,0.17,0.6,-0.0299999999999998,0.1302000000000002,0.51,0.51,0.703,0,2,1.0
2026-01-15,InnerCircle,3DMAX,Nuke,3,0,3.24,1.35,-129,-349,0.4,0.455,2.70805020110221,3.091042453358316,0.17,0.4,0.6,0.0299999999999998,-0.1302000000000002,0.51,0.51,0.297,2,0,0.0
2026-01-15,3DMAX,InnerCircle,Dust2,3,0,1.35,3.24,129,349,0.455,0.4,3.091042453358316,2.70805020110221,0.33,0.33,0.6,-0.0299999999999998,0.1302000000000002,0.51,0.51,0.703,0,2,0.0
2026-01-15,InnerCircle,3DMAX,Dust2,3,0,3.24,1.35,-129,-349,0.4,0.455,2.70805020110221,3.091042453358316,0.33,0.33,0.6,0.0299999999999998,-0.1302000000000002,0.51,0.51,0.297,2,0,1.0
2026-01-15,Liquid,NinjasinPyjamas,Nuke,3,0,1.96,1.85,64,57,0.556,0.611,2.8903717578961645,2.833213344056216,0.5,0.71,0.5,-0.084,0.0929999999999999,0.52,0.53,0.356,0,1,1.0
2026-01-15,NinjasinPyjamas,Liquid,Nuke,3,0,1.85,1.96,-64,-57,0.611,0.556,2.833213344056216,2.8903717578961645,0.71,0.5,0.5,0.084,-0.0929999999999999,0.53,0.52,0.644,1,0,0.0
2026-01-15,Liquid,NinjasinPyjamas,Mirage,3,0,1.96,1.85,64,57,0.556,0.611,2.8903717578961645,2.833213344056216,0.6,0.5,0.5,-0.084,0.0929999999999999,0.52,0.53,0.356,0,1,0.0
2026-01-15,NinjasinPyjamas,Liquid,Mirage,3,0,1.85,1.96,-64,-57,0.611,0.556,2.833213344056216,2.8903717578961645,0.5,0.6,0.5,0.084,-0.0929999999999999,0.53,0.52,0.644,1,0,1.0
2026-01-15,Liquid,NinjasinPyjamas,Ancient,3,0,1.96,1.85,64,57,0.556,0.611,2.8903717578961645,2.833213344056216,0.67,0.5,0.5,-0.084,0.0929999999999999,0.52,0.53,0.356,0,1,1.0
2026-01-15,NinjasinPyjamas,Liquid,Ancient,3,0,1.85,1.96,-64,-57,0.611,0.556,2.833213344056216,2.8903717578961645,0.5,0.67,0.5,0.084,-0.0929999999999999,0.53,0.52,0.644,1,0,0.0
2026-01-15,Falcons,ECSTATIC,Inferno,3,0,1.04,11.0,569,556,0.667,0.583,2.70805020110221,3.1780538303479458,0.57,0.67,0.5,0.1080000000000001,0.3535000000000001,0.52,0.5,0.735,0,2,1.0
2026-01-15,ECSTATIC,Falcons,Inferno,3,0,11.0,1.04,-569,-556,0.583,0.667,3.1780538303479458,2.70805020110221,0.67,0.57,0.5,-0.1080000000000001,-0.3535000000000001,0.5,0.52,0.265,2,0,0.0
2026-01-15,Falcons,ECSTATIC,Mirage,3,0,1.04,11.0,569,556,0.667,0.583,2.70805020110221,3.1780538303479458,0.71,0.5,0.5,0.1080000000000001,0.3535000000000001,0.52,0.5,0.735,0,2,1.0
2026-01-15,ECSTATIC,Falcons,Mirage,3,0,11.0,1.04,-569,-556,0.583,0.667,3.1780538303479458,2.70805020110221,0.5,0.71,0.5,-0.1080000000000001,-0.3535000000000001,0.5,0.52,0.265,2,0,0.0
2026-01-16,ENCE,PARIVISION,Overpass,3,0,3.22,1.35,-54,-265,0.632,0.571,2.9444389791664403,2.6390573296152584,0.8,0.75,0.3684210526315789,0.0940000000000003,-0.0866999999999997,0.55,0.63,0.31,2,1,0.0
2026-01-16,PARIVISION,ENCE,Overpass,3,0,1.35,3.22,54,265,0.571,0.632,2.6390573296152584,2.9444389791664403,0.75,0.8,0.3684210526315789,-0.0940000000000003,0.0866999999999997,0.63,0.55,0.69,1,2,1.0
2026-01-16,ENCE,PARIVISION,Anubis,3,0,3.22,1.35,-54,-265,0.632,0.571,2.9444389791664403,2.6390573296152584,0.5,0.5,0.3684210526315789,0.0940000000000003,-0.0866999999999997,0.55,0.63,0.31,2,1,0.0
2026-01-16,PARIVISION,ENCE,Anubis,3,0,1.35,3.22,54,265,0.571,0.632,2.6390573296152584,2.9444389791664403,0.5,0.5,0.3684210526315789,-0.0940000000000003,0.0866999999999997,0.63,0.55,0.69,1,2,1.0
2026-01-16,SINNERS,Spirit,Mirage,3,0,7.86,1.08,-312,-544,0.812,0.583,2.70805020110221,2.4849066497880004,0.71,0.25,0.5,-0.008,-0.4528000000000001,0.57,0.65,0.337,1,1,0.0
2026-01-16,Spirit,SINNERS,Mirage,3,0,1.08,7.86,312,544,0.583,0.812,2.4849066497880004,2.70805020110221,0.25,0.71,0.5,0.008,0.4528000000000001,0.65,0.57,0.663,1,1,1.0
2026-01-16,SINNERS,Spirit,Nuke,3,0,7.86,1.08,-312,-544,0.812,0.583,2.70805020110221,2.4849066497880004,0.89,0.5,0.5,-0.008,-0.4528000000000001,0.57,0.65,0.337,1,1,0.0
2026-01-16,Spirit,SINNERS,Nuke,3,0,1.08,7.86,312,544,0.583,0.812,2.4849066497880004,2.70805020110221,0.5,0.89,0.5,0.008,0.4528000000000001,0.65,0.57,0.663,1,1,1.0
2026-01-16,BetBoom,paiN,Mirage,3,0,1.72,2.13,-86,-65,0.72,0.444,3.218875824868201,2.8903717578961645,0.67,0.5,0.5,-0.0259999999999998,-0.1892999999999999,0.5,0.61,0.552,0,2,0.0
2026-01-16,paiN,BetBoom,Mirage,3,0,2.13,1.72,86,65,0.444,0.72,2.8903717578961645,3.218875824868201,0.5,0.67,0.5,0.0259999999999998,0.1892999999999999,0.61,0.5,0.4479999999999999,2,0,1.0
2026-01-16,BetBoom,paiN,Nuke,3,0,1.72,2.13,-86,-65,0.72,0.444,3.218875824868201,2.8903717578961645,0.5,0.6,0.5,-0.0259999999999998,-0.1892999999999999,0.5,0.61,0.552,0,2,0.0
2026-01-16,paiN,BetBoom,Nuke,3,0,2.13,1.72,86,65,0.444,0.72,2.8903717578961645,3.218875824868201,0.6,0.5,0.5,0.0259999999999998,0.1892999999999999,0.61,0.5,0.4479999999999999,2,0,1.0
2026-01-16,9INE,FURIA,Anubis,3,0,7.86,1.08,-792,-612,0.545,0.889,3.044522437723423,2.8903717578961645,0.5,0.5,0.5,-0.0439999999999998,-0.3094999999999999,0.54,0.58,0.114,1,0,0.0
2026-01-16,FURIA,9INE,Anubis,3,0,1.08,7.86,792,612,0.889,0.545,2.8903717578961645,3.044522437723423,0.5,0.5,0.5,0.0439999999999998,0.3094999999999999,0.58,0.54,0.886,0,1,1.0
2026-01-16,9INE,FURIA,Inferno,3,0,7.86,1.08,-792,-612,0.545,0.889,3.044522437723423,2.8903717578961645,0.56,0.62,0.5,-0.0439999999999998,-0.3094999999999999,0.54,0.58,0.114,1,0,0.0
2026-01-16,FURIA,9INE,Inferno,3,0,1.08,7.86,792,612,0.889,0.545,2.8903717578961645,3.044522437723423,0.62,0.56,0.5,0.0439999999999998,0.3094999999999999,0.58,0.54,0.886,0,1,1.0
2026-01-17,paiN,HEROIC,Nuke,3,0,1.85,1.95,71,21,0.471,0.571,2.9444389791664403,2.772588722239781,0.64,0.5,0.6,0.1339999999999999,0.2708999999999999,0.61,0.5,0.667,2,1,0.0
2026-01-17,HEROIC,paiN,Nuke,3,0,1.95,1.85,-71,-21,0.571,0.471,2.772588722239781,2.9444389791664403,0.5,0.64,0.6,-0.1339999999999999,-0.2708999999999999,0.5,0.61,0.3329999999999999,1,2,1.0
2026-01-17,paiN,HEROIC,Mirage,3,0,1.85,1.95,71,21,0.471,0.571,2.9444389791664403,2.772588722239781,0.75,0.67,0.6,0.1339999999999999,0.2708999999999999,0.61,0.5,0.667,2,1,0.0
2026-01-17,HEROIC,paiN,Mirage,3,0,1.95,1.85,-71,-21,0.571,0.471,2.772588722239781,2.9444389791664403,0.67,0.75,0.6,-0.1339999999999999,-0.2708999999999999,0.5,0.61,0.3329999999999999,1,2,1.0
2026-01-17,GentleMates,Liquid,Inferno,3,0,2.05,1.78,-70,-136,0.615,0.529,3.1354942159291497,2.995732273553991,0.62,0.5,0.5,0.034,-0.1287,0.52,0.52,0.429,0,0,1.0
2026-01-17,Liquid,GentleMates,Inferno,3,0,1.78,2.05,70,136,0.529,0.615,2.995732273553991,3.1354942159291497,0.5,0.62,0.5,-0.034,0.1287,0.52,0.52,0.571,0,0,0.0
2026-01-17,GentleMates,Liquid,Mirage,3,0,2.05,1.78,-70,-136,0.615,0.529,3.1354942159291497,2.995732273553991,0.33,0.6,0.5,0.034,-0.1287,0.52,0.52,0.429,0,0,0.0
2026-01-17,Liquid,GentleMates,Mirage,3,0,1.78,2.05,70,136,0.529,0.615,2.995732273553991,3.1354942159291497,0.6,0.33,0.5,-0.034,0.1287,0.52,0.52,0.571,0,0,1.0
2026-01-17,GentleMates,Liquid,Nuke,3,0,2.05,1.78,-70,-136,0.615,0.529,3.1354942159291497,2.995732273553991,0.5,0.6,0.5,0.034,-0.1287,0.52,0.52,0.429,0,0,0.0
2026-01-17,Liquid,GentleMates,Nuke,3,0,1.78,2.05,70,136,0.529,0.615,2.995732273553991,3.1354942159291497,0.6,0.5,0.5,-0.034,0.1287,0.52,0.52,0.571,0,0,1.0
2026-01-17,GamerLegion,Aurora,Inferno,3,0,2.9,1.42,-100,-212,0.556,0.529,2.995732273553991,2.8903717578961645,0.67,0.25,0.25,-0.002,-0.2704999999999999,0.71,0.55,0.245,1,1,1.0
2026-01-17,Aurora,GamerLegion,Inferno,3,0,1.42,2.9,100,212,0.529,0.556,2.8903717578961645,2.995732273553991,0.25,0.67,0.25,0.002,0.2704999999999999,0.55,0.71,0.755,1,1,0.0
2026-01-17,GamerLegion,Aurora,Dust2,3,0,2.9,1.42,-100,-212,0.556,0.529,2.995732273553991,2.8903717578961645,0.285,0.75,0.25,-0.002,-0.2704999999999999,0.71,0.55,0.245,1,1,0.0
2026-01-17,Aurora,GamerLegion,Dust2,3,0,1.42,2.9,100,212,0.529,0.556,2.8903717578961645,2.995732273553991,0.75,0.285,0.25,0.002,0.2704999999999999,0.55,0.71,0.755,1,1,1.0
2026-01-17,GamerLegion,Aurora,Mirage,3,0,2.9,1.42,-100,-212,0.556,0.529,2.995732273553991,2.8903717578961645,0.75,0.44,0.25,-0.002,-0.2704999999999999,0.71,0.55,0.245,1,1,1.0
2026-01-17,Aurora,GamerLegion,Mirage,3,0,1.42,2.9,100,212,0.529,0.556,2.8903717578961645,2.995732273553991,0.44,0.75,0.25,0.002,0.2704999999999999,0.55,0.71,0.755,1,1,0.0
2026-01-17,Monte,Falcons,Nuke,3,0,9.0,1.06,-566,-543,0.737,0.688,3.044522437723423,2.772588722239781,0.25,0.57,0.5,-0.016,-0.2865000000000002,0.57,0.52,0.395,0,0,0.0
2026-01-17,Falcons,Monte,Nuke,3,0,1.06,9.0,566,543,0.688,0.737,2.772588722239781,3.044522437723423,0.57,0.25,0.5,0.016,0.2865000000000002,0.52,0.57,0.605,0,0,1.0
2026-01-17,Monte,Falcons,Mirage,3,0,9.0,1.06,-566,-543,0.737,0.688,3.044522437723423,2.772588722239781,0.625,0.75,0.5,-0.016,-0.2865000000000002,0.57,0.52,0.395,0,0,0.0
2026-01-17,Falcons,Monte,Mirage,3,0,1.06,9.0,566,543,0.688,0.737,2.772588722239781,3.044522437723423,0.75,0.625,0.5,0.016,0.2865000000000002,0.52,0.57,0.605,0,0,1.0
2026-01-18,PARIVISION,Astralis,Dust2,3,0,1.7,2.15,-55,-13,0.6,0.467,2.70805020110221,2.70805020110221,0.833,0.5,0.5,-0.002,-0.001,0.63,0.51,0.686,1,2,1.0
2026-01-18,Astralis,PARIVISION,Dust2,3,0,2.15,1.7,55,13,0.467,0.6,2.70805020110221,2.70805020110221,0.5,0.833,0.5,0.002,0.001,0.51,0.63,0.3139999999999999,2,1,0.0
2026-01-18,PARIVISION,Astralis,Ancient,3,0,1.7,2.15,-55,-13,0.6,0.467,2.70805020110221,2.70805020110221,0.6,0.5,0.5,-0.002,-0.001,0.63,0.51,0.686,1,2,1.0
2026-01-18,Astralis,PARIVISION,Ancient,3,0,2.15,1.7,55,13,0.467,0.6,2.70805020110221,2.70805020110221,0.5,0.6,0.5,0.002,0.001,0.51,0.63,0.3139999999999999,2,1,0.0
2026-01-18,InnerCircle,Spirit,Ancient,3,0,14.0,1.02,-302,-523,0.438,0.615,2.772588722239781,2.5649493574615367,0.67,0.8,0.3,-0.0540000000000002,-0.3185000000000002,0.52,0.65,0.221,2,1,0.0
2026-01-18,Spirit,InnerCircle,Ancient,3,0,1.02,14.0,302,523,0.615,0.438,2.5649493574615367,2.772588722239781,0.8,0.67,0.3,0.0540000000000002,0.3185000000000002,0.65,0.52,0.779,1,2,1.0
2026-01-18,InnerCircle,Spirit,Dust2,3,0,14.0,1.02,-302,-523,0.438,0.615,2.772588722239781,2.5649493574615367,0.5,0.56,0.3,-0.0540000000000002,-0.3185000000000002,0.52,0.65,0.221,2,1,0.0
2026-01-18,Spirit,InnerCircle,Dust2,3,0,1.02,14.0,302,523,0.615,0.438,2.5649493574615367,2.772588722239781,0.56,0.5,0.3,0.0540000000000002,0.3185000000000002,0.65,0.52,0.779,1,2,1.0
2026-01-18,EYEBALLERS,Vitality,Anubis,3,0,11.0,1.04,-913,-567,0.788,0.737,3.4339872044851463,2.079441541679836,0.5,0.5,0.5,0.016,-0.257,0.56,0.71,0.413,0,0,0.0
2026-01-18,Vitality,EYEBALLERS,Anubis,3,0,1.04,11.0,913,567,0.737,0.788,2.079441541679836,3.4339872044851463,0.5,0.5,0.5,-0.016,0.257,0.71,0.56,0.587,0,0,1.0
2026-01-18,EYEBALLERS,Vitality,Overpass,3,0,11.0,1.04,-913,-567,0.788,0.737,3.4339872044851463,2.079441541679836,0.625,0.6,0.5,0.016,-0.257,0.56,0.71,0.413,0,0,0.0
2026-01-18,Vitality,EYEBALLERS,Overpass,3,0,1.04,11.0,913,567,0.737,0.788,2.079441541679836,3.4339872044851463,0.6,0.625,0.5,-0.016,0.257,0.71,0.56,0.587,0,0,1.0
2026-01-18,FUT,FURIA,Anubis,3,0,5.5,1.15,-859,-413,0.792,0.889,3.258096538021482,2.9444389791664403,0.5,0.67,0.5,0.016,-0.2654999999999999,0.63,0.59,0.339,0,0,0.0
2026-01-18,FURIA,FUT,Anubis,3,0,1.15,5.5,859,413,0.889,0.792,2.9444389791664403,3.258096538021482,0.67,0.5,0.5,-0.016,0.2654999999999999,0.59,0.63,0.661,0,0,1.0
2026-01-18,FUT,FURIA,Overpass,3,0,5.5,1.15,-859,-413,0.792,0.889,3.258096538021482,2.9444389791664403,0.75,0.888,0.5,0.016,-0.2654999999999999,0.63,0.59,0.339,0,0,1.0
2026-01-18,FURIA,FUT,Overpass,3,0,1.15,5.5,859,413,0.889,0.792,2.9444389791664403,3.258096538021482,0.888,0.75,0.5,-0.016,0.2654999999999999,0.59,0.63,0.661,0,0,0.0
2026-01-18,FUT,FURIA,Dust2,3,0,5.5,1.15,-859,-413,0.792,0.889,3.258096538021482,2.9444389791664403,0.444,0.714,0.5,0.016,-0.2654999999999999,0.63,0.59,0.339,0,0,0.0
2026-01-18,FURIA,FUT,Dust2,3,0,1.15,5.5,859,413,0.889,0.792,2.9444389791664403,3.258096538021482,0.714,0.444,0.5,-0.016,0.2654999999999999,0.59,0.63,0.661,0,0,1.0
2026-01-22,Liquid,Falcons,Nuke,3,1,3.01,1.39,-461,-230,0.533,0.706,2.772588722239781,2.772588722239781,0.8,0.62,0.4,-0.066,-0.1698,0.52,0.53,0.43,0,1,0.0
2026-01-22,Falcons,Liquid,Nuke,3,1,1.39,3.01,461,230,0.706,0.533,2.772588722239781,2.772588722239781,0.62,0.8,0.4,0.066,0.1698,0.53,0.52,0.5700000000000001,1,0,1.0
2026-01-22,Liquid,Falcons,Dust2,3,1,3.01,1.39,-461,-230,0.533,0.706,2.772588722239781,2.772588722239781,0.5,0.75,0.4,-0.066,-0.1698,0.52,0.53,0.43,0,1,0.0
2026-01-22,Falcons,Liquid,Dust2,3,1,1.39,3.01,461,230,0.706,0.533,2.772588722239781,2.772588722239781,0.75,0.5,0.4,0.066,0.1698,0.53,0.52,0.5700000000000001,1,0,1.0
2026-01-22,HEROIC,FURIA,Mirage,3,1,5.39,1.16,-520,-426,0.667,0.875,2.772588722239781,2.772588722239781,0.83,0.8,0.5,-0.052,-0.1583999999999999,0.51,0.59,0.222,1,0,1.0
2026-01-22,FURIA,HEROIC,Mirage,3,1,1.16,5.39,520,426,0.875,0.667,2.772588722239781,2.772588722239781,0.8,0.83,0.5,0.052,0.1583999999999999,0.59,0.51,0.778,0,1,0.0
2026-01-22,HEROIC,FURIA,Dust2,3,1,5.39,1.16,-520,-426,0.667,0.875,2.772588722239781,2.772588722239781,0.6,0.8,0.5,-0.052,-0.1583999999999999,0.51,0.59,0.222,1,0,0.0
2026-01-22,FURIA,HEROIC,Dust2,3,1,1.16,5.39,520,426,0.875,0.667,2.772588722239781,2.772588722239781,0.8,0.6,0.5,0.052,0.1583999999999999,0.59,0.51,0.778,0,1,1.0
2026-01-22,HEROIC,FURIA,Nuke,3,1,5.39,1.16,-520,-426,0.667,0.875,2.772588722239781,2.772588722239781,0.57,0.8,0.5,-0.052,-0.1583999999999999,0.51,0.59,0.222,1,0,0.0
2026-01-22,FURIA,HEROIC,Nuke,3,1,1.16,5.39,520,426,0.875,0.667,2.772588722239781,2.772588722239781,0.8,0.57,0.5,0.052,0.1583999999999999,0.59,0.51,0.778,0,1,1.0
2026-01-23,GamerLegion,Vitality,Inferno,3,1,9.0,1.06,-856,-429,0.579,0.75,2.772588722239781,2.772588722239781,0.7,0.6,0.2,-0.0979999999999998,-0.2015999999999999,0.71,0.71,0.45,1,0,0.0
2026-01-23,Vitality,GamerLegion,Inferno,3,1,1.06,9.0,856,429,0.75,0.579,2.772588722239781,2.772588722239781,0.6,0.7,0.2,0.0979999999999998,0.2015999999999999,0.71,0.71,0.55,0,1,1.0
2026-01-23,GamerLegion,Vitality,Dust2,3,1,9.0,1.06,-856,-429,0.579,0.75,2.772588722239781,2.772588722239781,0.25,0.86,0.2,-0.0979999999999998,-0.2015999999999999,0.71,0.71,0.45,1,0,0.0
2026-01-23,Vitality,GamerLegion,Dust2,3,1,1.06,9.0,856,429,0.75,0.579,2.772588722239781,2.772588722239781,0.86,0.25,0.2,0.0979999999999998,0.2015999999999999,0.71,0.71,0.55,0,1,1.0
2026-01-23,PARIVISION,Spirit,Overpass,3,1,3.93,1.26,-235,-233,0.625,0.643,2.772588722239781,2.772588722239781,0.8,0.5,0.5,0.056,-0.0647999999999999,0.63,0.65,0.433,1,1,0.0
2026-01-23,Spirit,PARIVISION,Overpass,3,1,1.26,3.93,235,233,0.643,0.625,2.772588722239781,2.772588722239781,0.5,0.8,0.5,-0.056,0.0647999999999999,0.65,0.63,0.567,1,1,1.0
2026-01-23,PARIVISION,Spirit,Mirage,3,1,3.93,1.26,-235,-233,0.625,0.643,2.772588722239781,2.772588722239781,0.6,0.4,0.5,0.056,-0.0647999999999999,0.63,0.65,0.433,1,1,1.0
2026-01-23,Spirit,PARIVISION,Mirage,3,1,1.26,3.93,235,233,0.643,0.625,2.772588722239781,2.772588722239781,0.4,0.6,0.5,-0.056,0.0647999999999999,0.65,0.63,0.567,1,1,0.0
2026-01-23,PARIVISION,Spirit,Ancient,3,1,3.93,1.26,-235,-233,0.625,0.643,2.772588722239781,2.772588722239781,0.63,0.83,0.5,0.056,-0.0647999999999999,0.63,0.65,0.433,1,1,1.0
2026-01-23,Spirit,PARIVISION,Ancient,3,1,1.26,3.93,235,233,0.643,0.625,2.772588722239781,2.772588722239781,0.83,0.63,0.5,-0.056,0.0647999999999999,0.65,0.63,0.567,1,1,0.0
2026-01-24,Vitality,Falcons,Inferno,3,1,1.48,2.66,352,100,0.762,0.722,2.8903717578961645,2.772588722239781,0.64,0.62,0.6,0.0539999999999998,0.0539999999999998,0.71,0.53,0.636,0,1,0.0
2026-01-24,Falcons,Vitality,Inferno,3,1,2.66,1.48,-352,-100,0.722,0.762,2.772588722239781,2.8903717578961645,0.62,0.64,0.6,-0.0539999999999998,-0.0539999999999998,0.53,0.71,0.364,1,0,1.0
2026-01-24,Vitality,Falcons,Anubis,3,1,1.48,2.66,352,100,0.762,0.722,2.8903717578961645,2.772588722239781,0.66666667,0.5,0.6,0.0539999999999998,0.0539999999999998,0.71,0.53,0.636,0,1,1.0
2026-01-24,Falcons,Vitality,Anubis,3,1,2.66,1.48,-352,-100,0.722,0.762,2.772588722239781,2.8903717578961645,0.5,0.66666667,0.6,-0.0539999999999998,-0.0539999999999998,0.53,0.71,0.364,1,0,0.0
2026-01-24,Vitality,Falcons,Mirage,3,1,1.48,2.66,352,100,0.762,0.722,2.8903717578961645,2.772588722239781,0.875,0.78,0.6,0.0539999999999998,0.0539999999999998,0.71,0.53,0.636,0,1,0.0
2026-01-24,Falcons,Vitality,Mirage,3,1,2.66,1.48,-352,-100,0.722,0.762,2.772588722239781,2.8903717578961645,0.78,0.875,0.6,-0.0539999999999998,-0.0539999999999998,0.53,0.71,0.364,1,0,1.0
2026-01-24,PARIVISION,FURIA,Mirage,3,1,3.01,1.39,-695,-337,0.647,0.882,2.833213344056216,2.772588722239781,0.67,0.67,0.5,0.0379999999999998,0.0379999999999998,0.63,0.59,0.523,1,0,1.0
2026-01-24,FURIA,PARIVISION,Mirage,3,1,1.39,3.01,695,337,0.882,0.647,2.772588722239781,2.833213344056216,0.67,0.67,0.5,-0.0379999999999998,-0.0379999999999998,0.59,0.63,0.477,0,1,0.0
2026-01-24,PARIVISION,FURIA,Inferno,3,1,3.01,1.39,-695,-337,0.647,0.882,2.833213344056216,2.772588722239781,0.25,0.75,0.5,0.0379999999999998,0.0379999999999998,0.63,0.59,0.523,1,0,1.0
2026-01-24,FURIA,PARIVISION,Inferno,3,1,1.39,3.01,695,337,0.882,0.647,2.772588722239781,2.833213344056216,0.75,0.25,0.5,-0.0379999999999998,-0.0379999999999998,0.59,0.63,0.477,0,1,0.0
2026-01-25,Falcons,PARIVISION,Mirage,3,1,1.48,2.66,458,225,0.737,0.667,2.772588722239781,2.772588722239781,0.8,0.71,0.5,-0.052,-0.052,0.53,0.63,0.467,1,1,0.0
2026-01-25,PARIVISION,Falcons,Mirage,3,1,2.66,1.48,-458,-225,0.667,0.737,2.772588722239781,2.772588722239781,0.71,0.8,0.5,0.052,0.052,0.63,0.53,0.5329999999999999,1,1,1.0
2026-01-25,Falcons,PARIVISION,Dust2,3,1,1.48,2.66,458,225,0.737,0.667,2.772588722239781,2.772588722239781,0.8,0.8571428571428571,0.5,-0.052,-0.052,0.53,0.63,0.467,1,1,0.0
2026-01-25,PARIVISION,Falcons,Dust2,3,1,2.66,1.48,-458,-225,0.667,0.737,2.772588722239781,2.772588722239781,0.8571428571428571,0.8,0.5,0.052,0.052,0.63,0.53,0.5329999999999999,1,1,1.0
2026-01-25,Falcons,PARIVISION,Inferno,3,1,1.48,2.66,458,225,0.737,0.667,2.772588722239781,2.772588722239781,0.67,0.4,0.5,-0.052,-0.052,0.53,0.63,0.467,1,1,0.0
2026-01-25,PARIVISION,Falcons,Inferno,3,1,2.66,1.48,-458,-225,0.667,0.737,2.772588722239781,2.772588722239781,0.4,0.67,0.5,0.052,0.052,0.63,0.53,0.5329999999999999,1,1,1.0
2026-01-28,Aurora,GamerLegion,Nuke,3,1,1.38,2.8,100,143,0.533,0.579,2.772588722239781,2.833213344056216,0.6,0.67,0.5714285714285714,0.0019999999999997,0.2704999999999997,0.54,0.71,0.479,1,1,1.0
2026-01-28,GamerLegion,Aurora,Nuke,3,1,2.8,1.38,-100,-143,0.579,0.533,2.833213344056216,2.772588722239781,0.67,0.6,0.5714285714285714,-0.0019999999999997,-0.2704999999999997,0.71,0.54,0.521,1,1,0.0
2026-01-28,Aurora,GamerLegion,Dust2,3,1,1.38,2.8,100,143,0.533,0.579,2.772588722239781,2.833213344056216,0.83,0.14,0.5714285714285714,0.0019999999999997,0.2704999999999997,0.54,0.71,0.479,1,1,1.0
2026-01-28,GamerLegion,Aurora,Dust2,3,1,2.8,1.38,-100,-143,0.579,0.533,2.833213344056216,2.772588722239781,0.14,0.83,0.5714285714285714,-0.0019999999999997,-0.2704999999999997,0.71,0.54,0.521,1,1,0.0
2026-01-28,HEROIC,PARIVISION,Inferno,3,1,2.16,1.62,-112,-320,0.615,0.684,2.70805020110221,2.833213344056216,0.67,0.5,0.5,-0.104,-0.2072,0.51,0.65,0.163,1,1,0.0
2026-01-28,PARIVISION,HEROIC,Inferno,3,1,1.62,2.16,112,320,0.684,0.615,2.833213344056216,2.70805020110221,0.5,0.67,0.5,0.104,0.2072,0.65,0.51,0.837,1,1,1.0
2026-01-28,HEROIC,PARIVISION,Dust2,3,1,2.16,1.62,-112,-320,0.615,0.684,2.70805020110221,2.833213344056216,0.4,0.875,0.5,-0.104,-0.2072,0.51,0.65,0.163,1,1,1.0
2026-01-28,PARIVISION,HEROIC,Dust2,3,1,1.62,2.16,112,320,0.684,0.615,2.833213344056216,2.70805020110221,0.875,0.4,0.5,0.104,0.2072,0.65,0.51,0.837,1,1,0.0
2026-01-28,HEROIC,PARIVISION,Ancient,3,1,2.16,1.62,-112,-320,0.615,0.684,2.70805020110221,2.833213344056216,0.6,0.71,0.5,-0.104,-0.2072,0.51,0.65,0.163,1,1,0.0
2026-01-28,PARIVISION,HEROIC,Ancient,3,1,1.62,2.16,112,320,0.684,0.615,2.833213344056216,2.70805020110221,0.71,0.6,0.5,0.104,0.2072,0.65,0.51,0.837,1,1,1.0
2026-01-28,Liquid,NinjasinPyjamas,Nuke,3,1,1.66,2.1,64,96,0.562,0.579,2.772588722239781,2.772588722239781,0.6,0.67,0.6,-0.0300000000000002,0.1331999999999997,0.52,0.53,0.516,0,1,1.0
2026-01-28,NinjasinPyjamas,Liquid,Nuke,3,1,2.1,1.66,-64,-96,0.579,0.562,2.772588722239781,2.772588722239781,0.67,0.6,0.6,0.0300000000000002,-0.1331999999999997,0.53,0.52,0.484,1,0,0.0
2026-01-28,Liquid,NinjasinPyjamas,Mirage,3,1,1.66,2.1,64,96,0.562,0.579,2.772588722239781,2.772588722239781,0.62,0.75,0.6,-0.0300000000000002,0.1331999999999997,0.52,0.53,0.516,0,1,1.0
2026-01-28,NinjasinPyjamas,Liquid,Mirage,3,1,2.1,1.66,-64,-96,0.579,0.562,2.772588722239781,2.772588722239781,0.75,0.62,0.6,0.0300000000000002,-0.1331999999999997,0.53,0.52,0.484,1,0,0.0
2026-01-28,PassionUA,G2,Overpass,3,1,3.33,1.28,-75,-85,0.474,0.444,2.772588722239781,2.772588722239781,0.4,0.2,0.25,-0.036,-0.1422,0.53,0.52,0.119,0,0,1.0
2026-01-28,G2,PassionUA,Overpass,3,1,1.28,3.33,75,85,0.444,0.474,2.772588722239781,2.772588722239781,0.2,0.4,0.25,0.036,0.1422,0.52,0.53,0.881,0,0,0.0
2026-01-28,PassionUA,G2,Dust2,3,1,3.33,1.28,-75,-85,0.474,0.444,2.772588722239781,2.772588722239781,0.5,0.5,0.25,-0.036,-0.1422,0.53,0.52,0.119,0,0,0.0
2026-01-28,G2,PassionUA,Dust2,3,1,1.28,3.33,75,85,0.444,0.474,2.772588722239781,2.772588722239781,0.5,0.5,0.25,0.036,0.1422,0.52,0.53,0.881,0,0,1.0
2026-01-28,PassionUA,G2,Mirage,3,1,3.33,1.28,-75,-85,0.474,0.444,2.772588722239781,2.772588722239781,0.25,0.5,0.25,-0.036,-0.1422,0.53,0.52,0.119,0,0,0.0
2026-01-28,G2,PassionUA,Mirage,3,1,1.28,3.33,75,85,0.444,0.474,2.772588722239781,2.772588722239781,0.5,0.25,0.25,0.036,0.1422,0.52,0.53,0.881,0,0,1.0
2026-01-28,Legacy,BC.Game,Overpass,3,1,1.47,2.5,58,92,0.556,0.467,2.772588722239781,2.772588722239781,0.66,0.2,0.6,0.024,0.1838999999999999,0.6,0.5,0.29,0,2,0.0
2026-01-28,BC.Game,Legacy,Overpass,3,1,2.5,1.47,-58,-92,0.467,0.556,2.772588722239781,2.772588722239781,0.2,0.66,0.6,-0.024,-0.1838999999999999,0.5,0.6,0.71,2,0,1.0
2026-01-28,Legacy,BC.Game,Inferno,3,1,1.47,2.5,58,92,0.556,0.467,2.772588722239781,2.772588722239781,0.88,0.82,0.6,0.024,0.1838999999999999,0.6,0.5,0.29,0,2,0.0
2026-01-28,BC.Game,Legacy,Inferno,3,1,2.5,1.47,-58,-92,0.467,0.556,2.772588722239781,2.772588722239781,0.82,0.88,0.6,-0.024,-0.1838999999999999,0.5,0.6,0.71,2,0,1.0
2026-01-28,FUT,3DMAX,Ancient,3,1,1.9,1.9,-95,11,0.733,0.312,2.833213344056216,2.772588722239781,0.67,0.4,0.5,0.0540000000000002,-0.1154999999999998,0.63,0.51,0.796,0,0,1.0
2026-01-28,3DMAX,FUT,Ancient,3,1,1.9,1.9,95,-11,0.312,0.733,2.772588722239781,2.833213344056216,0.4,0.67,0.5,-0.0540000000000002,0.1154999999999998,0.51,0.63,0.2039999999999999,0,0,0.0
2026-01-28,FUT,3DMAX,Anubis,3,1,1.9,1.9,-95,11,0.733,0.312,2.833213344056216,2.772588722239781,0.25,0.5,0.5,0.0540000000000002,-0.1154999999999998,0.63,0.51,0.796,0,0,0.0
2026-01-28,3DMAX,FUT,Anubis,3,1,1.9,1.9,95,-11,0.312,0.733,2.772588722239781,2.833213344056216,0.5,0.25,0.5,-0.0540000000000002,0.1154999999999998,0.51,0.63,0.2039999999999999,0,0,1.0
2026-01-28,FUT,3DMAX,Dust2,3,1,1.9,1.9,-95,11,0.733,0.312,2.833213344056216,2.772588722239781,0.44,0.125,0.5,0.0540000000000002,-0.1154999999999998,0.63,0.51,0.796,0,0,0.0
2026-01-28,3DMAX,FUT,Dust2,3,1,1.9,1.9,95,-11,0.312,0.733,2.772588722239781,2.833213344056216,0.125,0.44,0.5,-0.0540000000000002,0.1154999999999998,0.51,0.63,0.2039999999999999,0,0,1.0
2026-01-28,Astralis,paiN,Dust2,3,1,2.08,1.75,-6,27,0.438,0.471,2.772588722239781,2.772588722239781,0.333333333,0.4,0.5555555555555556,-0.09,-0.081,0.51,0.61,0.537,0,0,1.0
2026-01-28,paiN,Astralis,Dust2,3,1,1.75,2.08,6,-27,0.471,0.438,2.772588722239781,2.772588722239781,0.4,0.333333333,0.5555555555555556,0.09,0.081,0.61,0.51,0.4629999999999999,0,0,0.0
2026-01-28,Astralis,paiN,Overpass,3,1,2.08,1.75,-6,27,0.438,0.471,2.772588722239781,2.772588722239781,0.75,0.33,0.5555555555555556,-0.09,-0.081,0.51,0.61,0.537,0,0,1.0
2026-01-28,paiN,Astralis,Overpass,3,1,1.75,2.08,6,-27,0.471,0.438,2.772588722239781,2.772588722239781,0.33,0.75,0.5555555555555556,0.09,0.081,0.61,0.51,0.4629999999999999,0,0,0.0
2026-01-28,NRG,B8,Dust2,3,1,2.52,1.53,-99,-169,0.826,0.611,2.833213344056216,2.772588722239781,0.64,0.5,0.5,0.0919999999999998,-0.0879,0.67,0.55,0.26,0,1,0.0
2026-01-28,B8,NRG,Dust2,3,1,1.53,2.52,99,169,0.611,0.826,2.772588722239781,2.833213344056216,0.5,0.64,0.5,-0.0919999999999998,0.0879,0.55,0.67,0.74,1,0,1.0
2026-01-28,NRG,B8,Mirage,3,1,2.52,1.53,-99,-169,0.826,0.611,2.833213344056216,2.772588722239781,0.64,0.5,0.5,0.0919999999999998,-0.0879,0.67,0.55,0.26,0,1,1.0
2026-01-28,B8,NRG,Mirage,3,1,1.53,2.52,99,169,0.611,0.826,2.772588722239781,2.833213344056216,0.5,0.64,0.5,-0.0919999999999998,0.0879,0.55,0.67,0.74,1,0,0.0
2026-01-28,NRG,B8,Inferno,3,1,2.52,1.53,-99,-169,0.826,0.611,2.833213344056216,2.772588722239781,0.64,0.5,0.5,0.0919999999999998,-0.0879,0.67,0.55,0.26,0,1,1.0
2026-01-28,B8,NRG,Inferno,3,1,1.53,2.52,99,169,0.611,0.826,2.772588722239781,2.833213344056216,0.5,0.64,0.5,-0.0919999999999998,0.0879,0.55,0.67,0.74,1,0,0.0
2026-01-29,Aurora,PARIVISION,Dust2,3,1,2.47,1.55,-226,-195,0.538,0.7,2.772588722239781,2.772588722239781,0.86,0.86,0.3333333333,-0.0719999999999998,-0.0719999999999998,0.55,0.64,0.457,1,1,0.0
2026-01-29,PARIVISION,Aurora,Dust2,3,1,1.55,2.47,226,195,0.7,0.538,2.772588722239781,2.772588722239781,0.86,0.86,0.3333333333,0.0719999999999998,0.0719999999999998,0.64,0.55,0.5429999999999999,1,1,1.0
2026-01-29,Aurora,PARIVISION,Anubis,3,1,2.47,1.55,-226,-195,0.538,0.7,2.772588722239781,2.772588722239781,0.5,0.6666667,0.3333333333,-0.0719999999999998,-0.0719999999999998,0.55,0.64,0.457,1,1,1.0
2026-01-29,PARIVISION,Aurora,Anubis,3,1,1.55,2.47,226,195,0.7,0.538,2.772588722239781,2.772588722239781,0.6666667,0.5,0.3333333333,0.0719999999999998,0.0719999999999998,0.64,0.55,0.5429999999999999,1,1,0.0
2026-01-29,Aurora,PARIVISION,Dust2,3,1,2.47,1.55,-226,-195,0.538,0.7,2.772588722239781,2.772588722239781,0.86,0.86,0.3333333333,-0.0719999999999998,-0.0719999999999998,0.55,0.64,0.457,1,1,0.0
2026-01-29,PARIVISION,Aurora,Dust2,3,1,1.55,2.47,226,195,0.7,0.538,2.772588722239781,2.772588722239781,0.86,0.86,0.3333333333,0.0719999999999998,0.0719999999999998,0.64,0.55,0.5429999999999999,1,1,1.0
2026-01-29,GamerLegion,HEROIC,Overpass,3,1,2.23,1.66,4,2,0.5,0.5,2.772588722239781,2.772588722239781,0.5,0.66667,0.6,-0.0019999999999997,-0.0017999999999998,0.52,0.5,0.5,1,1,1.0
2026-01-29,HEROIC,GamerLegion,Overpass,3,1,1.66,2.23,-4,-2,0.5,0.5,2.772588722239781,2.772588722239781,0.66667,0.5,0.6,0.0019999999999997,0.0017999999999998,0.5,0.52,0.5,1,1,0.0
2026-01-29,GamerLegion,HEROIC,Mirage,3,1,2.23,1.66,4,2,0.5,0.5,2.772588722239781,2.772588722239781,0.75,0.8,0.6,-0.0019999999999997,-0.0017999999999998,0.52,0.5,0.5,1,1,1.0
2026-01-29,HEROIC,GamerLegion,Mirage,3,1,1.66,2.23,-4,-2,0.5,0.5,2.772588722239781,2.772588722239781,0.8,0.75,0.6,0.0019999999999997,0.0017999999999998,0.5,0.52,0.5,1,1,0.0
2026-01-29,BC.Game,3DMAX,Overpass,3,1,2.13,1.72,-120,-74,0.4,0.333333,2.772588722239781,2.772588722239781,0.33,0.5,0.25,0.0059999999999997,-0.1515,0.43,0.51,0.826,2,0,0.0
2026-01-29,3DMAX,BC.Game,Overpass,3,1,1.72,2.13,120,74,0.333333,0.4,2.772588722239781,2.772588722239781,0.5,0.33,0.25,-0.0059999999999997,0.1515,0.51,0.43,0.174,0,2,1.0
2026-01-29,BC.Game,3DMAX,Anubis,3,1,2.13,1.72,-120,-74,0.4,0.333333,2.772588722239781,2.772588722239781,0.3333,0.66667,0.25,0.0059999999999997,-0.1515,0.43,0.51,0.826,2,0,0.0
2026-01-29,3DMAX,BC.Game,Anubis,3,1,1.72,2.13,120,74,0.333333,0.4,2.772588722239781,2.772588722239781,0.66667,0.3333,0.25,-0.0059999999999997,0.1515,0.51,0.43,0.174,0,2,1.0
2026-01-29,Astralis,NRG,Mirage,3,1,1.66,2.23,59,37,0.467,0.81,2.772588722239781,2.772588722239781,0.25,0.66667,0.5,-0.0919999999999998,0.0879,0.51,0.67,0.741,2,0,0.0
2026-01-29,NRG,Astralis,Mirage,3,1,2.23,1.66,-59,-37,0.81,0.467,2.772588722239781,2.772588722239781,0.66667,0.25,0.5,0.0919999999999998,-0.0879,0.67,0.51,0.259,0,2,1.0
2026-01-29,Astralis,NRG,Inferno,3,1,1.66,2.23,59,37,0.467,0.81,2.772588722239781,2.772588722239781,0.5,0.66667,0.5,-0.0919999999999998,0.0879,0.51,0.67,0.741,2,0,1.0
2026-01-29,NRG,Astralis,Inferno,3,1,2.23,1.66,-59,-37,0.81,0.467,2.772588722239781,2.772588722239781,0.66667,0.5,0.5,0.0919999999999998,-0.0879,0.67,0.51,0.259,0,2,0.0
2026-01-29,Astralis,NRG,Overpass,3,1,1.66,2.23,59,37,0.467,0.81,2.772588722239781,2.772588722239781,0.8,0.666667,0.5,-0.0919999999999998,0.0879,0.51,0.67,0.741,2,0,0.0
2026-01-29,NRG,Astralis,Overpass,3,1,2.23,1.66,-59,-37,0.81,0.467,2.772588722239781,2.772588722239781,0.666667,0.8,0.5,0.0919999999999998,-0.0879,0.67,0.51,0.259,0,2,1.0
2026-01-29,Legacy,FUT,Dust2,3,1,2.23,1.66,11,125,0.5,0.72,2.772588722239781,2.772588722239781,0.5,0.4,0.6,0.018,0.0134999999999999,0.5,0.61,0.559,0,0,0.0
2026-01-29,FUT,Legacy,Dust2,3,1,1.66,2.23,-11,-125,0.72,0.5,2.772588722239781,2.772588722239781,0.4,0.5,0.6,-0.018,-0.0134999999999999,0.61,0.5,0.4409999999999999,0,0,1.0
2026-01-29,Legacy,FUT,Ancient,3,1,2.23,1.66,11,125,0.5,0.72,2.772588722239781,2.772588722239781,0.25,0.69,0.6,0.018,0.0134999999999999,0.5,0.61,0.559,0,0,0.0
2026-01-29,FUT,Legacy,Ancient,3,1,1.66,2.23,-11,-125,0.72,0.5,2.772588722239781,2.772588722239781,0.69,0.25,0.6,-0.018,-0.0134999999999999,0.61,0.5,0.4409999999999999,0,0,1.0
2026-01-29,paiN,B8,Dust2,3,1,1.9,1.9,6,-145,0.375,0.529,2.772588722239781,2.772588722239781,0.2,0.67,0.4444444444444444,0.058,0.0522,0.61,0.55,0.51,2,1,1.0
2026-01-29,B8,paiN,Dust2,3,1,1.9,1.9,-6,145,0.529,0.375,2.772588722239781,2.772588722239781,0.67,0.2,0.4444444444444444,-0.058,-0.0522,0.55,0.61,0.49,1,2,0.0
2026-01-29,paiN,B8,Mirage,3,1,1.9,1.9,6,-145,0.375,0.529,2.772588722239781,2.772588722239781,0.3333,0.5,0.4444444444444444,0.058,0.0522,0.61,0.55,0.51,2,1,1.0
2026-01-29,B8,paiN,Mirage,3,1,1.9,1.9,-6,145,0.529,0.375,2.772588722239781,2.772588722239781,0.5,0.3333,0.4444444444444444,-0.058,-0.0522,0.55,0.61,0.49,1,2,0.0
2026-01-29,Liquid,G2,Mirage,3,1,2.77,1.45,36,-130,0.533,0.5,2.833213344056216,2.772588722239781,0.62,0.66,0.25,-0.06,-0.054,0.52,0.53,0.393,0,0,0.0
2026-01-29,G2,Liquid,Mirage,3,1,1.45,2.77,-36,130,0.5,0.533,2.772588722239781,2.833213344056216,0.66,0.62,0.25,0.06,0.054,0.53,0.52,0.607,0,0,1.0
2026-01-29,Liquid,G2,Inferno,3,1,2.77,1.45,36,-130,0.533,0.5,2.833213344056216,2.772588722239781,0.4,0.5,0.25,-0.06,-0.054,0.52,0.53,0.393,0,0,1.0
2026-01-29,G2,Liquid,Inferno,3,1,1.45,2.77,-36,130,0.5,0.533,2.772588722239781,2.833213344056216,0.5,0.4,0.25,0.06,0.054,0.53,0.52,0.607,0,0,0.0
2026-01-29,Liquid,G2,Anubis,3,1,2.77,1.45,36,-130,0.533,0.5,2.833213344056216,2.772588722239781,0.5,0.5,0.25,-0.06,-0.054,0.52,0.53,0.393,0,0,0.0
2026-01-29,G2,Liquid,Anubis,3,1,1.45,2.77,-36,130,0.5,0.533,2.772588722239781,2.833213344056216,0.5,0.5,0.25,0.06,0.054,0.53,0.52,0.607,0,0,1.0
2026-01-29,NinjasinPyjamas,PassionUA,Overpass,3,1,1.68,2.19,-59,17,0.611,0.45,2.833213344056216,2.772588722239781,0.67,0.5,0.5,-0.024,-0.177,0.53,0.53,0.519,1,0,0.0
2026-01-29,PassionUA,NinjasinPyjamas,Overpass,3,1,2.19,1.68,59,-17,0.45,0.611,2.772588722239781,2.833213344056216,0.5,0.67,0.5,0.024,0.177,0.53,0.53,0.481,0,1,1.0
2026-01-29,NinjasinPyjamas,PassionUA,Nuke,3,1,1.68,2.19,-59,17,0.611,0.45,2.833213344056216,2.772588722239781,0.57,0.3333,0.5,-0.024,-0.177,0.53,0.53,0.519,1,0,1.0
2026-01-29,PassionUA,NinjasinPyjamas,Nuke,3,1,2.19,1.68,59,-17,0.45,0.611,2.772588722239781,2.833213344056216,0.3333,0.57,0.5,0.024,0.177,0.53,0.53,0.481,0,1,0.0
2026-01-29,NinjasinPyjamas,PassionUA,Anubis,3,1,1.68,2.19,-59,17,0.611,0.45,2.833213344056216,2.772588722239781,0.5,0.5,0.5,-0.024,-0.177,0.53,0.53,0.519,1,0,1.0
2026-01-29,PassionUA,NinjasinPyjamas,Anubis,3,1,2.19,1.68,59,-17,0.45,0.611,2.772588722239781,2.833213344056216,0.5,0.5,0.5,0.024,0.177,0.53,0.53,0.481,0,1,0.0
2026-01-29,paiN,Aurora,Mirage,3,1,2.57,1.51,-7,-140,0.375,0.538,2.833213344056216,2.772588722239781,0.5,0.4285714285714285,0.222222222,0.064,0.0576,0.61,0.54,0.421,2,1,0.0
2026-01-29,Aurora,paiN,Mirage,3,1,1.51,2.57,7,140,0.538,0.375,2.772588722239781,2.833213344056216,0.4285714285714285,0.5,0.222222222,-0.064,-0.0576,0.54,0.61,0.579,1,2,1.0
2026-01-29,paiN,Aurora,Overpass,3,1,2.57,1.51,-7,-140,0.375,0.538,2.833213344056216,2.772588722239781,0.25,0.75,0.222222222,0.064,0.0576,0.61,0.54,0.421,2,1,0.0
2026-01-29,Aurora,paiN,Overpass,3,1,1.51,2.57,7,140,0.538,0.375,2.772588722239781,2.833213344056216,0.75,0.25,0.222222222,-0.064,-0.0576,0.54,0.61,0.579,1,2,1.0
2026-01-29,BC.Game,NinjasinPyjamas,Dust2,3,1,2.77,1.45,-39,-15,0.375,0.667,2.833213344056216,2.772588722239781,0.33333,0.5,0.4285714285714285,-0.0739999999999999,-0.0554999999999999,0.33,0.53,0.414,2,1,1.0
2026-01-29,NinjasinPyjamas,BC.Game,Dust2,3,1,1.45,2.77,39,15,0.667,0.375,2.772588722239781,2.833213344056216,0.5,0.33333,0.4285714285714285,0.0739999999999999,0.0554999999999999,0.53,0.33,0.5860000000000001,1,2,0.0
2026-01-29,BC.Game,NinjasinPyjamas,Nuke,3,1,2.77,1.45,-39,-15,0.375,0.667,2.833213344056216,2.772588722239781,0.5,0.625,0.4285714285714285,-0.0739999999999999,-0.0554999999999999,0.33,0.53,0.414,2,1,1.0
2026-01-29,NinjasinPyjamas,BC.Game,Nuke,3,1,1.45,2.77,39,15,0.667,0.375,2.772588722239781,2.833213344056216,0.625,0.5,0.4285714285714285,0.0739999999999999,0.0554999999999999,0.53,0.33,0.5860000000000001,1,2,0.0
2026-01-29,FUT,Liquid,Ancient,3,1,2.02,1.8,-68,-182,0.731,0.467,2.833213344056216,2.772588722239781,0.73,0.5,0.5,0.054,-0.1148999999999998,0.62,0.52,0.47,0,0,1.0
2026-01-29,Liquid,FUT,Ancient,3,1,1.8,2.02,68,182,0.467,0.731,2.772588722239781,2.833213344056216,0.5,0.73,0.5,-0.054,0.1148999999999998,0.52,0.62,0.53,0,0,0.0
2026-01-29,FUT,Liquid,Nuke,3,1,2.02,1.8,-68,-182,0.731,0.467,2.833213344056216,2.772588722239781,0.88889,0.8,0.5,0.054,-0.1148999999999998,0.62,0.52,0.47,0,0,1.0
2026-01-29,Liquid,FUT,Nuke,3,1,1.8,2.02,68,182,0.467,0.731,2.772588722239781,2.833213344056216,0.8,0.88889,0.5,-0.054,0.1148999999999998,0.52,0.62,0.53,0,0,0.0
2026-01-29,GamerLegion,Astralis,Inferno,3,1,2.02,1.5,-22,12,0.526,0.429,2.833213344056216,2.772588722239781,0.64,0.6,0.5,-0.128,-0.1152,0.54,0.51,0.455,1,2,0.0
2026-01-29,Astralis,GamerLegion,Inferno,3,1,1.5,2.02,22,-12,0.429,0.526,2.772588722239781,2.833213344056216,0.6,0.64,0.5,0.128,0.1152,0.51,0.54,0.5449999999999999,2,1,1.0
2026-01-29,GamerLegion,Astralis,Overpass,3,1,2.02,1.5,-22,12,0.526,0.429,2.833213344056216,2.772588722239781,0.6,0.8333333333333334,0.5,-0.128,-0.1152,0.54,0.51,0.455,1,2,0.0
2026-01-29,Astralis,GamerLegion,Overpass,3,1,1.5,2.02,22,-12,0.429,0.526,2.772588722239781,2.833213344056216,0.8333333333333334,0.6,0.5,0.128,0.1152,0.51,0.54,0.5449999999999999,2,1,1.0
2026-01-31,TheMongolZ,G2,Dust2,3,1,2.02,1.81,135,78,0.5,0.545,2.772588722239781,2.772588722239781,0.4,0.6,0.6875,-0.03,-0.03,0.6,0.53,0.5,1,0,0.0
2026-01-31,G2,TheMongolZ,Dust2,3,1,1.81,2.02,-135,-78,0.545,0.5,2.772588722239781,2.772588722239781,0.6,0.4,0.6875,0.03,0.03,0.53,0.6,0.5,0,1,1.0
2026-01-31,TheMongolZ,G2,Ancient,3,1,2.02,1.81,135,78,0.5,0.545,2.772588722239781,2.772588722239781,0.6,0.5,0.6875,-0.03,-0.03,0.6,0.53,0.5,1,0,0.0
2026-01-31,G2,TheMongolZ,Ancient,3,1,1.81,2.02,-135,-78,0.545,0.5,2.772588722239781,2.772588722239781,0.5,0.6,0.6875,0.03,0.03,0.53,0.6,0.5,0,1,1.0
2026-01-31,NaVi,PARIVISION,Dust2,3,1,2.08,1.75,-25,-148,0.538,0.714,2.772588722239781,2.772588722239781,0.5,0.88,0.5,-0.0459999999999996,-0.0459999999999996,0.62,0.64,0.44,0,1,1.0
2026-01-31,PARIVISION,NaVi,Dust2,3,1,1.75,2.08,25,148,0.714,0.538,2.772588722239781,2.772588722239781,0.88,0.5,0.5,0.0459999999999996,0.0459999999999996,0.64,0.62,0.56,1,0,0.0
2026-01-31,NaVi,PARIVISION,Anubis,3,1,2.08,1.75,-25,-148,0.538,0.714,2.772588722239781,2.772588722239781,0.5,0.5,0.5,-0.0459999999999996,-0.0459999999999996,0.62,0.64,0.44,0,1,0.0
2026-01-31,PARIVISION,NaVi,Anubis,3,1,1.75,2.08,25,148,0.714,0.538,2.772588722239781,2.772588722239781,0.5,0.5,0.5,0.0459999999999996,0.0459999999999996,0.64,0.62,0.56,1,0,1.0
2026-01-31,NaVi,PARIVISION,Ancient,3,1,2.08,1.75,-25,-148,0.538,0.714,2.772588722239781,2.772588722239781,0.75,0.75,0.5,-0.0459999999999996,-0.0459999999999996,0.62,0.64,0.44,0,1,1.0
2026-01-31,PARIVISION,NaVi,Ancient,3,1,1.75,2.08,25,148,0.714,0.538,2.772588722239781,2.772588722239781,0.75,0.75,0.5,0.0459999999999996,0.0459999999999996,0.64,0.62,0.56,1,0,0.0
2026-01-31,FaZe,3DMAX,Inferno,3,1,1.45,2.77,226,126,0.579,0.429,2.6390573296152584,2.772588722239781,0.6,0.5,0.7142857142857143,0.0299999999999998,0.1339999999999997,0.57,0.52,0.788,0,0,0.0
2026-01-31,3DMAX,FaZe,Inferno,3,1,2.77,1.45,-226,-126,0.429,0.579,2.772588722239781,2.6390573296152584,0.5,0.6,0.7142857142857143,-0.0299999999999998,-0.1339999999999997,0.52,0.57,0.2119999999999999,0,0,1.0
2026-01-31,FaZe,3DMAX,Nuke,3,1,1.45,2.77,226,126,0.579,0.429,2.6390573296152584,2.772588722239781,0.88,0.33,0.7142857142857143,0.0299999999999998,0.1339999999999997,0.57,0.52,0.788,0,0,0.0
2026-01-31,3DMAX,FaZe,Nuke,3,1,2.77,1.45,-226,-126,0.429,0.579,2.772588722239781,2.6390573296152584,0.33,0.88,0.7142857142857143,-0.0299999999999998,-0.1339999999999997,0.52,0.57,0.2119999999999999,0,0,1.0
2026-01-31,FURIA,FUT,Mirage,3,1,1.18,5.0,750,390,0.833,0.741,2.772588722239781,2.772588722239781,0.57,0.82,0.6,0.024,0.297,0.58,0.62,0.545,0,0,0.0
2026-01-31,FUT,FURIA,Mirage,3,1,5.0,1.18,-750,-390,0.741,0.833,2.772588722239781,2.772588722239781,0.82,0.57,0.6,-0.024,-0.297,0.62,0.58,0.4549999999999999,0,0,1.0
2026-01-31,FURIA,FUT,Dust2,3,1,1.18,5.0,750,390,0.833,0.741,2.772588722239781,2.772588722239781,0.8333334,0.4,0.6,0.024,0.297,0.58,0.62,0.545,0,0,0.0
2026-01-31,FUT,FURIA,Dust2,3,1,5.0,1.18,-750,-390,0.741,0.833,2.772588722239781,2.772588722239781,0.4,0.8333334,0.6,-0.024,-0.297,0.62,0.58,0.4549999999999999,0,0,1.0
2026-01-31,Spirit,Astralis,Dust2,3,1,1.13,5.98,207,159,0.6,0.467,2.772588722239781,2.772588722239781,0.6,0.5,0.75,0.098,0.2034,0.65,0.51,0.67,0,2,1.0
2026-01-31,Astralis,Spirit,Dust2,3,1,5.98,1.13,-207,-159,0.467,0.6,2.772588722239781,2.772588722239781,0.5,0.6,0.75,-0.098,-0.2034,0.51,0.65,0.3299999999999999,2,0,0.0
2026-01-31,Spirit,Astralis,Overpass,3,1,1.13,5.98,207,159,0.6,0.467,2.772588722239781,2.772588722239781,0.67,0.857142,0.75,0.098,0.2034,0.65,0.51,0.67,0,2,1.0
2026-01-31,Astralis,Spirit,Overpass,3,1,5.98,1.13,-207,-159,0.467,0.6,2.772588722239781,2.772588722239781,0.857142,0.67,0.75,-0.098,-0.2034,0.51,0.65,0.3299999999999999,2,0,0.0
2026-01-31,Vitality,BC.Game,Dust2,3,1,1.1,6.94,938,402,0.727,0.412,2.772588722239781,2.772588722239781,0.88,0.5,0.5,0.112,0.3675,0.71,0.45,0.686,0,2,1.0
2026-01-31,BC.Game,Vitality,Dust2,3,1,6.94,1.1,-938,-402,0.412,0.727,2.772588722239781,2.772588722239781,0.5,0.88,0.5,-0.112,-0.3675,0.45,0.71,0.3139999999999999,2,0,0.0
2026-01-31,Vitality,BC.Game,Overpass,3,1,1.1,6.94,938,402,0.727,0.412,2.772588722239781,2.772588722239781,0.71,0.29,0.5,0.112,0.3675,0.71,0.45,0.686,0,2,1.0
2026-01-31,BC.Game,Vitality,Overpass,3,1,6.94,1.1,-938,-402,0.412,0.727,2.772588722239781,2.772588722239781,0.29,0.71,0.5,-0.112,-0.3675,0.45,0.71,0.3139999999999999,2,0,0.0
2026-01-31,Falcons,Aurora,Anubis,3,1,3.28,1.34,548,172,0.7,0.615,2.772588722239781,2.6390573296152584,0.3333,0.5,0.2857142857142857,0.08,0.183,0.53,0.55,0.609,0,2,0.0
2026-01-31,Aurora,Falcons,Anubis,3,1,1.34,3.28,-548,-172,0.615,0.7,2.6390573296152584,2.772588722239781,0.5,0.3333,0.2857142857142857,-0.08,-0.183,0.55,0.53,0.391,2,0,1.0
2026-01-31,Falcons,Aurora,Inferno,3,1,3.28,1.34,548,172,0.7,0.615,2.772588722239781,2.6390573296152584,0.6,0.25,0.2857142857142857,0.08,0.183,0.53,0.55,0.609,0,2,0.0
2026-01-31,Aurora,Falcons,Inferno,3,1,1.34,3.28,-548,-172,0.615,0.7,2.6390573296152584,2.772588722239781,0.25,0.6,0.2857142857142857,-0.08,-0.183,0.55,0.53,0.391,2,0,1.0
2026-02-01,G2,FUT,Inferno,3,1,1.68,2.19,104,65,0.583,0.741,2.772588722239781,2.772588722239781,0.4,0.5,0.5,0.002,0.2755,0.54,0.63,0.397,0,0,
2026-02-01,FUT,G2,Inferno,3,1,2.19,1.68,-104,-65,0.741,0.583,2.772588722239781,2.772588722239781,0.5,0.4,0.5,-0.002,-0.2755,0.63,0.54,0.603,0,0,
2026-01-31,MOUZ,NRG,Dust2,3,1,1.15,5.64,399,166,0.6,0.818,2.772588722239781,2.6390573296152584,0.5,0.58,0.5,-0.036,0.247,0.59,0.67,0.707,0,0,1.0
2026-01-31,NRG,MOUZ,Dust2,3,1,5.64,1.15,-399,-166,0.818,0.6,2.6390573296152584,2.772588722239781,0.58,0.5,0.5,0.036,-0.247,0.67,0.59,0.293,0,0,0.0
2026-01-31,MOUZ,NRG,Ancient,3,1,1.15,5.64,399,166,0.6,0.818,2.772588722239781,2.6390573296152584,0.5,0.5,0.5,-0.036,0.247,0.59,0.67,0.707,0,0,1.0
2026-01-31,NRG,MOUZ,Ancient,3,1,5.64,1.15,-399,-166,0.818,0.6,2.6390573296152584,2.772588722239781,0.5,0.5,0.5,0.036,-0.247,0.67,0.59,0.293,0,0,0.0
2026-02-01,G2,FUT,Mirage,3,1,1.68,2.19,104,65,0.583,0.741,2.772588722239781,2.772588722239781,0.75,0.83,0.5,0.002,0.2755,0.54,0.63,0.397,0,0,0.0
2026-02-01,FUT,G2,Mirage,3,1,2.19,1.68,-104,-65,0.741,0.583,2.772588722239781,2.772588722239781,0.83,0.75,0.5,-0.002,-0.2755,0.63,0.54,0.603,0,0,1.0
2026-02-01,G2,FUT,Dust2,3,1,1.68,2.19,104,65,0.583,0.741,2.772588722239781,2.772588722239781,0.67,0.45,0.5,0.002,0.2755,0.54,0.63,0.397,0,0,1.0
2026-02-01,FUT,G2,Dust2,3,1,2.19,1.68,-104,-65,0.741,0.583,2.772588722239781,2.772588722239781,0.45,0.67,0.5,-0.002,-0.2755,0.63,0.54,0.603,0,0,0.0
2026-02-01,G2,FUT,Ancient,3,1,1.68,2.19,104,65,0.583,0.741,2.772588722239781,2.772588722239781,0.67,0.71,0.5,0.002,0.2755,0.54,0.63,0.397,0,0,1.0
2026-02-01,FUT,G2,Ancient,3,1,2.19,1.68,-104,-65,0.741,0.583,2.772588722239781,2.772588722239781,0.71,0.67,0.5,-0.002,-0.2755,0.63,0.54,0.603,0,0,0.0
2026-02-01,NaVi,Spirit,Mirage,3,1,2.52,1.53,10,37,0.571,0.625,2.772588722239781,2.772588722239781,0.8,0.333,0.2903225806451613,-0.08,-0.08,0.62,0.65,0.542,0,1,0.0
2026-02-01,Spirit,NaVi,Mirage,3,1,1.53,2.52,-10,-37,0.625,0.571,2.772588722239781,2.772588722239781,0.333,0.8,0.2903225806451613,0.08,0.08,0.65,0.62,0.4579999999999999,1,0,1.0
2026-02-01,NaVi,Spirit,Dust2,3,1,2.52,1.53,10,37,0.571,0.625,2.772588722239781,2.772588722239781,0.67,0.64,0.2903225806451613,-0.08,-0.08,0.62,0.65,0.542,0,1,0.0
2026-02-01,Spirit,NaVi,Dust2,3,1,1.53,2.52,-10,-37,0.625,0.571,2.772588722239781,2.772588722239781,0.64,0.67,0.2903225806451613,0.08,0.08,0.65,0.62,0.4579999999999999,1,0,1.0
2026-02-01,TheMongolZ,FURIA,Mirage,3,1,3.12,1.37,-511,-239,0.462,0.789,2.772588722239781,2.772588722239781,0.5,0.5,0.5217391304347826,-0.08,-0.08,0.6,0.58,0.29,1,0,1.0
2026-02-01,FURIA,TheMongolZ,Mirage,3,1,1.37,3.12,511,239,0.789,0.462,2.772588722239781,2.772588722239781,0.5,0.5,0.5217391304347826,0.08,0.08,0.58,0.6,0.71,0,1,0.0
2026-02-01,TheMongolZ,FURIA,Inferno,3,1,3.12,1.37,-511,-239,0.462,0.789,2.772588722239781,2.772588722239781,0.6,0.67,0.5217391304347826,-0.08,-0.08,0.6,0.58,0.29,1,0,0.0
2026-02-01,FURIA,TheMongolZ,Inferno,3,1,1.37,3.12,511,239,0.789,0.462,2.772588722239781,2.772588722239781,0.67,0.6,0.5217391304347826,0.08,0.08,0.58,0.6,0.71,0,1,1.0
2026-02-01,TheMongolZ,FURIA,Nuke,3,1,3.12,1.37,-511,-239,0.462,0.789,2.772588722239781,2.772588722239781,0.2,0.83,0.5217391304347826,-0.08,-0.08,0.6,0.58,0.29,1,0,0.0
2026-02-01,FURIA,TheMongolZ,Nuke,3,1,1.37,3.12,511,239,0.789,0.462,2.772588722239781,2.772588722239781,0.83,0.2,0.5217391304347826,0.08,0.08,0.58,0.6,0.71,0,1,1.0
2026-02-01,PARIVISION,Astralis,Overpass,3,1,1.32,3.42,242,311,0.682,0.467,2.772588722239781,2.772588722239781,0.67,0.83,0.75,0.0599999999999998,0.1659999999999998,0.63,0.51,0.772,0,2,0.0
2026-02-01,Astralis,PARIVISION,Overpass,3,1,3.42,1.32,-242,-311,0.467,0.682,2.772588722239781,2.772588722239781,0.83,0.67,0.75,-0.0599999999999998,-0.1659999999999998,0.51,0.63,0.2279999999999999,2,0,1.0
2026-02-01,PARIVISION,Astralis,Dust2,3,1,1.32,3.42,242,311,0.682,0.467,2.772588722239781,2.772588722239781,0.78,0.333,0.75,0.0599999999999998,0.1659999999999998,0.63,0.51,0.772,0,2,1.0
2026-02-01,Astralis,PARIVISION,Dust2,3,1,3.42,1.32,-242,-311,0.467,0.682,2.772588722239781,2.772588722239781,0.333,0.78,0.75,-0.0599999999999998,-0.1659999999999998,0.51,0.63,0.2279999999999999,2,0,0.0
2026-02-01,PARIVISION,Astralis,Ancient,3,1,1.32,3.42,242,311,0.682,0.467,2.772588722239781,2.772588722239781,0.67,0.33,0.75,0.0599999999999998,0.1659999999999998,0.63,0.51,0.772,0,2,0.0
2026-02-01,Astralis,PARIVISION,Ancient,3,1,3.42,1.32,-242,-311,0.467,0.682,2.772588722239781,2.772588722239781,0.33,0.67,0.75,-0.0599999999999998,-0.1659999999999998,0.51,0.63,0.2279999999999999,2,0,1.0
2026-02-01,3DMAX,Vitality,Inferno,3,1,5.27,1.16,-818,-304,0.467,0.739,2.772588722239781,2.772588722239781,0.5714285714285714,0.5833333333333334,0.125,-0.0919999999999996,-0.1961999999999996,0.53,0.71,0.222,0,0,0.0
2026-02-01,Vitality,3DMAX,Inferno,3,1,1.16,5.27,818,304,0.739,0.467,2.772588722239781,2.772588722239781,0.5833333333333334,0.5714285714285714,0.125,0.0919999999999996,0.1961999999999996,0.71,0.53,0.778,0,0,1.0
2026-02-01,3DMAX,Vitality,Dust2,3,1,5.27,1.16,-818,-304,0.467,0.739,2.772588722239781,2.772588722239781,0.166667,0.8888889,0.125,-0.0919999999999996,-0.1961999999999996,0.53,0.71,0.222,0,0,0.0
2026-02-01,Vitality,3DMAX,Dust2,3,1,1.16,5.27,818,304,0.739,0.467,2.772588722239781,2.772588722239781,0.8888889,0.166667,0.125,0.0919999999999996,0.1961999999999996,0.71,0.53,0.778,0,0,1.0
2026-02-01,FaZe,BC.Game,Dust2,3,1,1.45,2.77,346,188,0.55,0.353,2.772588722239781,2.772588722239781,0.5,0.3333,0.5,0.06,0.311,0.57,0.38,0.288,0,2,1.0
2026-02-01,BC.Game,FaZe,Dust2,3,1,2.77,1.45,-346,-188,0.353,0.55,2.772588722239781,2.772588722239781,0.3333,0.5,0.5,-0.06,-0.311,0.38,0.57,0.712,2,0,0.0
2026-02-01,FaZe,BC.Game,Nuke,3,1,1.45,2.77,346,188,0.55,0.353,2.772588722239781,2.772588722239781,0.777778,0.75,0.5,0.06,0.311,0.57,0.38,0.288,0,2,0.0
2026-02-01,BC.Game,FaZe,Nuke,3,1,2.77,1.45,-346,-188,0.353,0.55,2.772588722239781,2.772588722239781,0.75,0.777778,0.5,-0.06,-0.311,0.38,0.57,0.712,2,0,1.0
2026-02-01,FaZe,BC.Game,Ancient,3,1,1.45,2.77,346,188,0.55,0.353,2.772588722239781,2.772588722239781,0.3333,0.3333,0.5,0.06,0.311,0.57,0.38,0.288,0,2,1.0
2026-02-01,BC.Game,FaZe,Ancient,3,1,2.77,1.45,-346,-188,0.353,0.55,2.772588722239781,2.772588722239781,0.3333,0.3333,0.5,-0.06,-0.311,0.38,0.57,0.712,2,0,0.0
2026-02-02,MOUZ,Aurora,Dust2,3,1,1.49,2.63,344,8,0.636,0.5,2.772588722239781,2.772588722239781,0.66667,0.6,0.666667,0.054,0.054,0.59,0.55,0.347,0,1,0.0
2026-02-02,Aurora,MOUZ,Dust2,3,1,2.63,1.49,-344,-8,0.5,0.636,2.772588722239781,2.772588722239781,0.6,0.66667,0.666667,-0.054,-0.054,0.55,0.59,0.653,1,0,1.0
2026-02-02,MOUZ,Aurora,Inferno,3,1,1.49,2.63,344,8,0.636,0.5,2.772588722239781,2.772588722239781,0.7142857142857143,0.5,0.6111,0.054,0.054,0.59,0.55,0.347,0,1,0.0
2026-02-02,Aurora,MOUZ,Inferno,3,1,2.63,1.49,-344,-8,0.5,0.636,2.772588722239781,2.772588722239781,0.5,0.7142857142857143,0.6111,-0.054,-0.054,0.55,0.59,0.653,1,0,1.0
2026-02-02,NRG,Falcons,Inferno,3,1,6.8,1.11,623,299,0.783,0.667,2.772588722239781,2.772588722239781,0.6923076923076923,0.5454545454545454,0.25,0.0219999999999997,-0.2605,0.66,0.52,0.31,0,0,0.0
2026-02-02,Falcons,NRG,Inferno,3,1,1.11,6.8,-623,-299,0.667,0.783,2.772588722239781,2.772588722239781,0.5454545454545454,0.6923076923076923,0.25,-0.0219999999999997,0.2605,0.52,0.66,0.69,0,0,1.0
2026-02-02,NRG,Falcons,Ancient,3,1,6.8,1.11,623,299,0.783,0.667,2.772588722239781,2.772588722239781,0.666667,0.6,0.25,0.0219999999999997,-0.2605,0.66,0.52,0.31,0,0,1.0
2026-02-02,Falcons,NRG,Ancient,3,1,1.11,6.8,-623,-299,0.667,0.783,2.772588722239781,2.772588722239781,0.6,0.666667,0.25,-0.0219999999999997,0.2605,0.52,0.66,0.69,0,0,0.0
2026-02-02,NRG,Falcons,Dust2,3,1,6.8,1.11,623,299,0.783,0.667,2.772588722239781,2.772588722239781,0.5,0.666667,0.25,0.0219999999999997,-0.2605,0.66,0.52,0.31,0,0,0.0
2026-02-02,Falcons,NRG,Dust2,3,1,1.11,6.8,-623,-299,0.667,0.783,2.772588722239781,2.772588722239781,0.666667,0.5,0.25,-0.0219999999999997,0.2605,0.52,0.66,0.69,0,0,1.0
2026-02-02,FURIA,NaVi,Mirage,3,1,1.71,2.14,489,129,0.8,0.533,2.772588722239781,2.772588722239781,0.5,0.6667,0.4090909090909091,0.044,0.044,0.58,0.62,0.464,0,0,1.0
2026-02-02,NaVi,FURIA,Mirage,3,1,2.14,1.71,-489,-129,0.533,0.8,2.772588722239781,2.772588722239781,0.6667,0.5,0.4090909090909091,-0.044,-0.044,0.62,0.58,0.536,0,0,0.0
2026-02-02,FURIA,NaVi,Inferno,3,1,1.71,2.14,489,129,0.8,0.533,2.772588722239781,2.772588722239781,0.7,0.166667,0.4090909090909091,0.044,0.044,0.58,0.62,0.464,0,0,0.0
2026-02-02,NaVi,FURIA,Inferno,3,1,2.14,1.71,-489,-129,0.533,0.8,2.772588722239781,2.772588722239781,0.166667,0.7,0.4090909090909091,-0.044,-0.044,0.62,0.58,0.536,0,0,1.0
2026-02-02,FURIA,NaVi,Dust2,3,1,1.71,2.14,489,129,0.8,0.533,2.772588722239781,2.772588722239781,0.8,0.5,0.4090909090909091,0.044,0.044,0.58,0.62,0.464,0,0,1.0
2026-02-02,NaVi,FURIA,Dust2,3,1,2.14,1.71,-489,-129,0.533,0.8,2.772588722239781,2.772588722239781,0.5,0.8,0.4090909090909091,-0.044,-0.044,0.62,0.58,0.536,0,0,0.0
2026-02-02,FUT,Astralis,Mirage,3,1,1.62,2.3,-44,-63,0.704,0.5,2.772588722239781,2.772588722239781,0.83,0.25,0.5,0.046,0.0414,0.62,0.51,0.515,0,2,1.0
2026-02-02,Astralis,FUT,Mirage,3,1,2.3,1.62,44,63,0.5,0.704,2.772588722239781,2.772588722239781,0.25,0.83,0.5,-0.046,-0.0414,0.51,0.62,0.485,2,0,0.0
2026-02-02,FUT,Astralis,Overpass,3,1,1.62,2.3,-44,-63,0.704,0.5,2.772588722239781,2.772588722239781,0.75,0.87,0.5,0.046,0.0414,0.62,0.51,0.515,0,2,0.0
2026-02-02,Astralis,FUT,Overpass,3,1,2.3,1.62,44,63,0.5,0.704,2.772588722239781,2.772588722239781,0.87,0.75,0.5,-0.046,-0.0414,0.51,0.62,0.485,2,0,1.0
2026-02-02,FUT,Astralis,Nuke,3,1,1.62,2.3,-44,-63,0.704,0.5,2.772588722239781,2.772588722239781,0.87,0.43,0.5,0.046,0.0414,0.62,0.51,0.515,0,2,0.0
2026-02-02,Astralis,FUT,Nuke,3,1,2.3,1.62,44,63,0.5,0.704,2.772588722239781,2.772588722239781,0.43,0.87,0.5,-0.046,-0.0414,0.51,0.62,0.485,2,0,1.0
2026-02-03,MOUZ,FaZe,Mirage,3,1,1.46,2.73,43,29,0.583,0.571,2.772588722239781,2.772588722239781,0.25,0.4,0.4411764705882353,0.03,0.03,0.59,0.57,0.33,0,0,1.0
2026-02-03,FaZe,MOUZ,Mirage,3,1,2.73,1.46,-43,-29,0.571,0.583,2.772588722239781,2.772588722239781,0.4,0.25,0.4411764705882353,-0.03,-0.03,0.57,0.59,0.6699999999999999,0,0,0.0
2026-02-03,MOUZ,FaZe,Inferno,3,1,1.46,2.73,43,29,0.583,0.571,2.772588722239781,2.772588722239781,0.5,0.66667,0.4411764705882353,0.03,0.03,0.59,0.57,0.33,0,0,1.0
2026-02-03,FaZe,MOUZ,Inferno,3,1,2.73,1.46,-43,-29,0.571,0.583,2.772588722239781,2.772588722239781,0.66667,0.5,0.4411764705882353,-0.03,-0.03,0.57,0.59,0.6699999999999999,0,0,0.0
2026-02-03,3DMAX,Falcons,Anubis,3,1,3.42,1.32,-461,-259,0.438,0.682,2.772588722239781,2.772588722239781,0.66667,0.25,0.5,-0.0719999999999996,-0.1759999999999996,0.52,0.53,0.317,0,0,0.0
2026-02-03,Falcons,3DMAX,Anubis,3,1,1.32,3.42,461,259,0.682,0.438,2.772588722239781,2.772588722239781,0.25,0.66667,0.5,0.0719999999999996,0.1759999999999996,0.53,0.52,0.683,0,0,1.0
2026-02-03,3DMAX,Falcons,Dust2,3,1,3.42,1.32,-461,-259,0.438,0.682,2.772588722239781,2.772588722239781,0.2857142857142857,0.5714285714285714,0.5,-0.0719999999999996,-0.1759999999999996,0.52,0.53,0.317,0,0,0.0
2026-02-03,Falcons,3DMAX,Dust2,3,1,1.32,3.42,461,259,0.682,0.438,2.772588722239781,2.772588722239781,0.5714285714285714,0.2857142857142857,0.5,0.0719999999999996,0.1759999999999996,0.53,0.52,0.683,0,0,1.0
2026-02-03,Astralis,FURIA,Overpass,3,1,3.37,1.33,-654,-256,0.529,0.81,2.772588722239781,2.772588722239781,0.875,0.7142857142857143,0.125,-0.06,-0.1656,0.51,0.58,0.367,2,0,1.0
2026-02-03,FURIA,Astralis,Overpass,3,1,1.33,3.37,654,256,0.81,0.529,2.772588722239781,2.772588722239781,0.7142857142857143,0.875,0.125,0.06,0.1656,0.58,0.51,0.633,0,2,0.0
2026-02-03,Astralis,FURIA,Mirage,3,1,3.37,1.33,-654,-256,0.529,0.81,2.772588722239781,2.772588722239781,0.2857142857142857,0.5,0.125,-0.06,-0.1656,0.51,0.58,0.367,2,0,0.0
2026-02-03,FURIA,Astralis,Mirage,3,1,1.33,3.37,654,256,0.81,0.529,2.772588722239781,2.772588722239781,0.5,0.2857142857142857,0.125,0.06,0.1656,0.58,0.51,0.633,0,2,1.0
2026-02-03,Astralis,FURIA,Nuke,3,1,3.37,1.33,-654,-256,0.529,0.81,2.772588722239781,2.772588722239781,0.4,0.8571428571428571,0.125,-0.06,-0.1656,0.51,0.58,0.367,2,0,0.0
2026-02-03,FURIA,Astralis,Nuke,3,1,1.33,3.37,654,256,0.81,0.529,2.772588722239781,2.772588722239781,0.8571428571428571,0.4,0.125,0.06,0.1656,0.58,0.51,0.633,0,2,1.0
2026-02-03,G2,Spirit,Anubis,3,1,3.2,1.35,-147,-121,0.615,0.647,2.772588722239781,2.772588722239781,0.6667,0.5,0.4,-0.0539999999999998,-0.0539999999999998,0.55,0.65,0.325,0,1,0.0
2026-02-03,Spirit,G2,Anubis,3,1,1.35,3.2,147,121,0.647,0.615,2.772588722239781,2.772588722239781,0.5,0.6667,0.4,0.0539999999999998,0.0539999999999998,0.65,0.55,0.675,1,0,1.0
2026-02-03,G2,Spirit,Overpass,3,1,3.2,1.35,-147,-121,0.615,0.647,2.772588722239781,2.772588722239781,0.25,0.66667,0.4,-0.0539999999999998,-0.0539999999999998,0.55,0.65,0.325,0,1,1.0
2026-02-03,Spirit,G2,Overpass,3,1,1.35,3.2,147,121,0.647,0.615,2.772588722239781,2.772588722239781,0.66667,0.25,0.4,0.0539999999999998,0.0539999999999998,0.65,0.55,0.675,1,0,0.0
2026-02-03,G2,Spirit,Dust2,3,1,3.2,1.35,-147,-121,0.615,0.647,2.772588722239781,2.772588722239781,0.66667,0.7777777777777778,0.4,-0.0539999999999998,-0.0539999999999998,0.55,0.65,0.325,0,1,0.0
2026-02-03,Spirit,G2,Dust2,3,1,1.35,3.2,147,121,0.647,0.615,2.772588722239781,2.772588722239781,0.7777777777777778,0.66667,0.4,0.0539999999999998,0.0539999999999998,0.65,0.55,0.675,1,0,1.0
2026-02-04,Vitality,Aurora,Ancient,3,1,1.32,3.42,-779,-168,0.75,0.545,2.772588722239781,2.772588722239781,0.25,0.5,0.25,0.0839999999999998,0.0839999999999998,0.71,0.56,0.357,0,1,1.0
2026-02-04,Aurora,Vitality,Ancient,3,1,3.42,1.32,779,168,0.545,0.75,2.772588722239781,2.772588722239781,0.5,0.25,0.25,-0.0839999999999998,-0.0839999999999998,0.56,0.71,0.643,1,0,0.0
2026-02-04,Vitality,Aurora,Overpass,3,1,1.32,3.42,-779,-168,0.75,0.545,2.772588722239781,2.772588722239781,0.8571428571428571,0.66667,0.25,0.0839999999999998,0.0839999999999998,0.71,0.56,0.357,0,1,1.0
2026-02-04,Aurora,Vitality,Overpass,3,1,3.42,1.32,779,168,0.545,0.75,2.772588722239781,2.772588722239781,0.66667,0.8571428571428571,0.25,-0.0839999999999998,-0.0839999999999998,0.56,0.71,0.643,1,0,0.0
2026-02-04,Falcons,MOUZ,Inferno,3,1,1.67,2.01,214,30,0.65,0.538,2.772588722239781,2.772588722239781,0.6,0.6,0.52,0.016,0.016,0.53,0.59,0.657,0,0,0.0
2026-02-04,MOUZ,Falcons,Inferno,3,1,2.01,1.67,-214,-30,0.538,0.65,2.772588722239781,2.772588722239781,0.6,0.6,0.52,-0.016,-0.016,0.59,0.53,0.3429999999999999,0,0,1.0
2026-02-04,Falcons,MOUZ,Dust2,3,1,1.67,2.01,214,30,0.65,0.538,2.772588722239781,2.772588722239781,0.6,0.5,0.52,0.016,0.016,0.53,0.59,0.657,0,0,0.0
2026-02-04,MOUZ,Falcons,Dust2,3,1,2.01,1.67,-214,-30,0.538,0.65,2.772588722239781,2.772588722239781,0.5,0.6,0.52,-0.016,-0.016,0.59,0.53,0.3429999999999999,0,0,1.0
2026-02-06,FURIA,Aurora,Dust2,3,1,1.45,1.93,590,215,0.8,0.462,2.772588722239781,2.772588722239781,0.714,0.51,0.5217391304347826,0.076,0.076,0.58,0.54,0.757,0,1,0.0
2026-02-06,Aurora,FURIA,Dust2,3,1,1.93,1.45,-590,-215,0.462,0.8,2.772588722239781,2.772588722239781,0.51,0.714,0.5217391304347826,-0.076,-0.076,0.54,0.58,0.243,1,0,1.0
2026-02-06,FURIA,Aurora,Mirage,3,1,1.45,1.93,590,215,0.8,0.462,2.772588722239781,2.772588722239781,0.583,0.36,0.5217391304347826,0.076,0.076,0.58,0.54,0.757,0,1,0.0
2026-02-06,Aurora,FURIA,Mirage,3,1,1.93,1.45,-590,-215,0.462,0.8,2.772588722239781,2.772588722239781,0.36,0.583,0.5217391304347826,-0.076,-0.076,0.54,0.58,0.243,1,0,1.0
2026-02-06,G2,MOUZ,Overpass,3,1,1.48,1.98,-201,-281,0.545,0.538,2.772588722239781,2.772588722239781,0.38,0.63,0.2222222222222222,-0.012,-0.012,0.53,0.59,0.427,0,0,0.0
2026-02-06,MOUZ,G2,Overpass,3,1,1.98,1.48,201,281,0.538,0.545,2.772588722239781,2.772588722239781,0.63,0.38,0.2222222222222222,0.012,0.012,0.59,0.53,0.573,0,0,1.0
2026-02-06,G2,MOUZ,Dust2,3,1,1.48,1.98,-201,-281,0.545,0.538,2.772588722239781,2.772588722239781,0.5,0.5,0.2222222222222222,-0.012,-0.012,0.53,0.59,0.427,0,0,0.0
2026-02-06,MOUZ,G2,Dust2,3,1,1.98,1.48,201,281,0.538,0.545,2.772588722239781,2.772588722239781,0.5,0.5,0.2222222222222222,0.012,0.012,0.59,0.53,0.573,0,0,1.0
2026-02-07,Spirit,FURIA,Mirage,3,1,1.75,1.9,-432,-82,0.688,0.8,2.772588722239781,2.772588722239781,0.5,0.58,0.6875,0.0379999999999995,0.0379999999999995,0.65,0.58,0.447,1,0,0.0
2026-02-07,FURIA,Spirit,Mirage,3,1,1.9,1.75,432,82,0.8,0.688,2.772588722239781,2.772588722239781,0.58,0.5,0.6875,-0.0379999999999995,-0.0379999999999995,0.58,0.65,0.5529999999999999,0,1,1.0
2026-02-07,Spirit,FURIA,Dust2,3,1,1.75,1.9,-432,-82,0.688,0.8,2.772588722239781,2.772588722239781,0.8,0.7,0.6875,0.0379999999999995,0.0379999999999995,0.65,0.58,0.447,1,0,1.0
2026-02-07,FURIA,Spirit,Dust2,3,1,1.9,1.75,432,82,0.8,0.688,2.772588722239781,2.772588722239781,0.7,0.8,0.6875,-0.0379999999999995,-0.0379999999999995,0.58,0.65,0.5529999999999999,0,1,0.0
2026-02-07,Spirit,FURIA,Nuke,3,1,1.75,1.9,-432,-82,0.688,0.8,2.772588722239781,2.772588722239781,0.45,0.8,0.6875,0.0379999999999995,0.0379999999999995,0.65,0.58,0.447,1,0,0.0
2026-02-07,FURIA,Spirit,Nuke,3,1,1.9,1.75,432,82,0.8,0.688,2.772588722239781,2.772588722239781,0.8,0.45,0.6875,-0.0379999999999995,-0.0379999999999995,0.58,0.65,0.5529999999999999,0,1,1.0
2026-02-07,Vitality,MOUZ,Nuke,3,1,1.42,2.3,546,172,0.762,0.538,2.772588722239781,2.772588722239781,0.4,0.5,0.666667,0.04,0.04,0.72,0.59,0.732,0,0,1.0
2026-02-07,MOUZ,Vitality,Nuke,3,1,2.3,1.42,-546,-172,0.538,0.762,2.772588722239781,2.772588722239781,0.5,0.4,0.666667,-0.04,-0.04,0.59,0.72,0.268,0,0,0.0
2026-02-07,Vitality,MOUZ,Dust2,3,1,1.42,2.3,546,172,0.762,0.538,2.772588722239781,2.772588722239781,0.75,0.4,0.666667,0.04,0.04,0.72,0.59,0.732,0,0,1.0
2026-02-07,MOUZ,Vitality,Dust2,3,1,2.3,1.42,-546,-172,0.538,0.762,2.772588722239781,2.772588722239781,0.4,0.75,0.666667,-0.04,-0.04,0.59,0.72,0.268,0,0,0.0
2026-02-08,Spirit,MOUZ,Dust2,3,1,1.61,1.91,-65,37,0.688,0.538,2.772588722239781,2.772588722239781,0.75,0.4,0.5675675675675675,0.0599999999999996,0.0599999999999996,0.65,0.59,0.562,1,0,1.0
2026-02-08,MOUZ,Spirit,Dust2,3,1,1.91,1.61,65,-37,0.538,0.688,2.772588722239781,2.772588722239781,0.4,0.75,0.5675675675675675,-0.0599999999999996,-0.0599999999999996,0.59,0.65,0.4379999999999999,0,1,0.0
2026-02-08,Spirit,MOUZ,Mirage,3,1,1.61,1.91,-65,37,0.688,0.538,2.772588722239781,2.772588722239781,0.4,0.25,0.5675675675675675,0.0599999999999996,0.0599999999999996,0.65,0.59,0.562,1,0,1.0
2026-02-08,MOUZ,Spirit,Mirage,3,1,1.91,1.61,65,-37,0.538,0.688,2.772588722239781,2.772588722239781,0.25,0.4,0.5675675675675675,-0.0599999999999996,-0.0599999999999996,0.59,0.65,0.4379999999999999,0,1,0.0
2026-02-09,FURIA,Vitality,Mirage,3,1,1.37,2.52,-189,-53,0.8,0.762,2.772588722239781,2.772588722239781,0.5,0.666667,0.4375,-0.018,-0.018,0.58,0.72,0.472,0,0,1.0
2026-02-09,Vitality,FURIA,Mirage,3,1,2.52,1.37,189,53,0.762,0.8,2.772588722239781,2.772588722239781,0.666667,0.5,0.4375,0.018,0.018,0.72,0.58,0.528,0,0,0.0
2026-02-09,FURIA,Vitality,Inferno,3,1,1.37,2.52,-189,-53,0.8,0.762,2.772588722239781,2.772588722239781,0.6,0.6,0.4375,-0.018,-0.018,0.58,0.72,0.472,0,0,0.0
2026-02-09,Vitality,FURIA,Inferno,3,1,2.52,1.37,189,53,0.762,0.8,2.772588722239781,2.772588722239781,0.6,0.6,0.4375,0.018,0.018,0.72,0.58,0.528,0,0,1.0
2026-02-09,FURIA,Vitality,Nuke,3,1,1.37,2.52,-189,-53,0.8,0.762,2.772588722239781,2.772588722239781,0.8,0.3333333,0.4375,-0.018,-0.018,0.58,0.72,0.472,0,0,0.0
2026-02-09,Vitality,FURIA,Nuke,3,1,2.52,1.37,189,53,0.762,0.8,2.772588722239781,2.772588722239781,0.3333333,0.8,0.4375,0.018,0.018,0.72,0.58,0.528,0,0,1.0
2026-02-09,FURIA,Vitality,Overpass,3,1,1.37,2.52,-189,-53,0.8,0.762,2.772588722239781,2.772588722239781,0.4,0.8,0.4375,-0.018,-0.018,0.58,0.72,0.472,0,0,0.0
2026-02-09,Vitality,FURIA,Overpass,3,1,2.52,1.37,189,53,0.762,0.8,2.772588722239781,2.772588722239781,0.8,0.4,0.4375,0.018,0.018,0.72,0.58,0.528,0,0,1.0
2026-02-14,NaVi,Astralis,Nuke,3,1,1.52,2.56,172,75,0.571,0.5,2.772588722239781,2.772588722239781,0.33,0.2,0.3636363636363636,0.0199999999999995,0.0199999999999995,0.62,0.51,0.636,0,2,1.0
2026-02-14,Astralis,NaVi,Nuke,3,1,2.56,1.52,-172,-75,0.5,0.571,2.772588722239781,2.772588722239781,0.2,0.33,0.3636363636363636,-0.0199999999999995,-0.0199999999999995,0.51,0.62,0.364,2,0,0.0
2026-02-14,NaVi,Astralis,Mirage,3,1,1.52,2.56,172,75,0.571,0.5,2.772588722239781,2.772588722239781,0.5,0.29,0.3636363636363636,0.0199999999999995,0.0199999999999995,0.62,0.51,0.636,0,2,1.0
2026-02-14,Astralis,NaVi,Mirage,3,1,2.56,1.52,-172,-75,0.5,0.571,2.772588722239781,2.772588722239781,0.29,0.5,0.3636363636363636,-0.0199999999999995,-0.0199999999999995,0.51,0.62,0.364,2,0,0.0
2026-02-14,Aurora,FUT,Mirage,3,1,1.58,2.39,102,197,0.462,0.704,2.772588722239781,2.772588722239781,0.29,0.89,0.5,-0.052,0.0569999999999997,0.54,0.62,0.689,1,0,0.0
2026-02-14,FUT,Aurora,Mirage,3,1,2.39,1.58,-102,-197,0.704,0.462,2.772588722239781,2.772588722239781,0.89,0.29,0.5,0.052,-0.0569999999999997,0.62,0.54,0.311,0,1,1.0
2026-02-14,Aurora,FUT,Anubis,3,1,1.58,2.39,102,197,0.462,0.704,2.772588722239781,2.772588722239781,0.75,0.2,0.5,-0.052,0.0569999999999997,0.54,0.62,0.689,1,0,1.0
2026-02-14,FUT,Aurora,Anubis,3,1,2.39,1.58,-102,-197,0.704,0.462,2.772588722239781,2.772588722239781,0.2,0.75,0.5,0.052,-0.0569999999999997,0.62,0.54,0.311,0,1,0.0
2026-02-14,Aurora,FUT,Overpass,3,1,1.58,2.39,102,197,0.462,0.704,2.772588722239781,2.772588722239781,0.5,0.6,0.5,-0.052,0.0569999999999997,0.54,0.62,0.689,1,0,0.0
2026-02-14,FUT,Aurora,Overpass,3,1,2.39,1.58,-102,-197,0.704,0.462,2.772588722239781,2.772588722239781,0.6,0.5,0.5,0.052,-0.0569999999999997,0.62,0.54,0.311,0,1,1.0
2026-02-14,MOUZ,PARIVISION,Dust2,3,1,1.53,2.52,140,-2,0.583,0.652,2.772588722239781,2.772588722239781,0.5,0.8,0.666667,-0.022,-0.022,0.59,0.63,0.378,0,0,0.0
2026-02-14,PARIVISION,MOUZ,Dust2,3,1,2.52,1.53,-140,2,0.652,0.583,2.772588722239781,2.772588722239781,0.8,0.5,0.666667,0.022,0.022,0.63,0.59,0.622,0,0,1.0
2026-02-14,MOUZ,PARIVISION,Inferno,3,1,1.53,2.52,140,-2,0.583,0.652,2.772588722239781,2.772588722239781,0.6,0.57,0.666667,-0.022,-0.022,0.59,0.63,0.378,0,0,1.0
2026-02-14,PARIVISION,MOUZ,Inferno,3,1,2.52,1.53,-140,2,0.652,0.583,2.772588722239781,2.772588722239781,0.57,0.6,0.666667,0.022,0.022,0.63,0.59,0.622,0,0,0.0
2026-02-14,MOUZ,PARIVISION,Overpass,3,1,1.53,2.52,140,-2,0.583,0.652,2.772588722239781,2.772588722239781,0.75,0.57,0.666667,-0.022,-0.022,0.59,0.63,0.378,0,0,1.0
2026-02-14,PARIVISION,MOUZ,Overpass,3,1,2.52,1.53,-140,2,0.652,0.583,2.772588722239781,2.772588722239781,0.57,0.75,0.666667,0.022,0.022,0.63,0.59,0.622,0,0,0.0
2026-02-14,FaZe,HEROIC,Overpass,3,1,1.61,2.34,156,240,0.6,0.5,2.772588722239781,2.772588722239781,0.33,0.33,0.5,0.0699999999999998,0.1691999999999998,0.57,0.49,0.702,0,1,1.0
2026-02-14,HEROIC,FaZe,Overpass,3,1,2.34,1.61,-156,-240,0.5,0.6,2.772588722239781,2.772588722239781,0.33,0.33,0.5,-0.0699999999999998,-0.1691999999999998,0.49,0.57,0.298,1,0,0.0
2026-02-14,FaZe,HEROIC,Ancient,3,1,1.61,2.34,156,240,0.6,0.5,2.772588722239781,2.772588722239781,0.67,0.5,0.5,0.0699999999999998,0.1691999999999998,0.57,0.49,0.702,0,1,1.0
2026-02-14,HEROIC,FaZe,Ancient,3,1,2.34,1.61,-156,-240,0.5,0.6,2.772588722239781,2.772588722239781,0.5,0.67,0.5,-0.0699999999999998,-0.1691999999999998,0.49,0.57,0.298,1,0,0.0
2026-02-14,Vitality,G2,Mirage,3,1,1.26,3.92,736,356,0.8,0.545,2.772588722239781,2.772588722239781,0.67,0.6,0.6923076923076923,0.036,0.036,0.72,0.53,0.777,0,0,1.0
2026-02-14,G2,Vitality,Mirage,3,1,3.92,1.26,-736,-356,0.545,0.8,2.772588722239781,2.772588722239781,0.6,0.67,0.6923076923076923,-0.036,-0.036,0.53,0.72,0.2229999999999999,0,0,0.0
2026-02-14,Vitality,G2,Inferno,3,1,1.26,3.92,736,356,0.8,0.545,2.772588722239781,2.772588722239781,0.75,0.2,0.6923076923076923,0.036,0.036,0.72,0.53,0.777,0,0,0.0
2026-02-14,G2,Vitality,Inferno,3,1,3.92,1.26,-736,-356,0.545,0.8,2.772588722239781,2.772588722239781,0.2,0.75,0.6923076923076923,-0.036,-0.036,0.53,0.72,0.2229999999999999,0,0,1.0
2026-02-14,Vitality,G2,Anubis,3,1,1.26,3.92,736,356,0.8,0.545,2.772588722239781,2.772588722239781,0.75,0.5,0.6923076923076923,0.036,0.036,0.72,0.53,0.777,0,0,1.0
2026-02-14,G2,Vitality,Anubis,3,1,3.92,1.26,-736,-356,0.545,0.8,2.772588722239781,2.772588722239781,0.5,0.75,0.6923076923076923,-0.036,-0.036,0.53,0.72,0.2229999999999999,0,0,0.0
2026-02-14,Falcons,3DMAX,Nuke,3,1,1.23,4.25,350,315,0.632,0.438,2.772588722239781,2.772588722239781,0.62,0.4,0.6,0.0699999999999998,0.1737999999999998,0.53,0.51,0.822,0,0,1.0
2026-02-14,3DMAX,Falcons,Nuke,3,1,4.25,1.23,-350,-315,0.438,0.632,2.772588722239781,2.772588722239781,0.4,0.62,0.6,-0.0699999999999998,-0.1737999999999998,0.51,0.53,0.178,0,0,0.0
2026-02-14,Falcons,3DMAX,Dust2,3,1,1.23,4.25,350,315,0.632,0.438,2.772588722239781,2.772588722239781,0.57,0.25,0.6,0.0699999999999998,0.1737999999999998,0.53,0.51,0.822,0,0,1.0
2026-02-14,3DMAX,Falcons,Dust2,3,1,4.25,1.23,-350,-315,0.438,0.632,2.772588722239781,2.772588722239781,0.25,0.57,0.6,-0.0699999999999998,-0.1737999999999998,0.51,0.53,0.178,0,0,0.0
2026-02-14,FURIA,B8,Mirage,3,1,1.18,4.95,653,405,0.789,0.533,2.772588722239781,2.772588722239781,0.55,0.33,0.625,0.06,0.1654,0.58,0.55,0.833,0,1,1.0
2026-02-14,B8,FURIA,Mirage,3,1,4.95,1.18,-653,-405,0.533,0.789,2.772588722239781,2.772588722239781,0.33,0.55,0.625,-0.06,-0.1654,0.55,0.58,0.167,1,0,0.0
2026-02-14,FURIA,B8,Inferno,3,1,1.18,4.95,653,405,0.789,0.533,2.772588722239781,2.772588722239781,0.5,0.33,0.625,0.06,0.1654,0.58,0.55,0.833,0,1,1.0
2026-02-14,B8,FURIA,Inferno,3,1,4.95,1.18,-653,-405,0.533,0.789,2.772588722239781,2.772588722239781,0.33,0.5,0.625,-0.06,-0.1654,0.55,0.58,0.167,1,0,0.0
2026-02-14,TheMongolZ,paiN,Nuke,3,1,1.6,2.35,152,107,0.333,0.385,2.772588722239781,2.772588722239781,0.333,0.6,0.666666667,-0.048,0.0595999999999999,0.6,0.61,0.703,1,2,0.0
2026-02-14,paiN,TheMongolZ,Nuke,3,1,2.35,1.6,-152,-107,0.385,0.333,2.772588722239781,2.772588722239781,0.6,0.333,0.666666667,0.048,-0.0595999999999999,0.61,0.6,0.297,2,1,1.0
2026-02-14,TheMongolZ,paiN,Mirage,3,1,1.6,2.35,152,107,0.333,0.385,2.772588722239781,2.772588722239781,0.67,0.5,0.666666667,-0.048,0.0595999999999999,0.6,0.61,0.703,1,2,1.0
2026-02-14,paiN,TheMongolZ,Mirage,3,1,2.35,1.6,-152,-107,0.385,0.333,2.772588722239781,2.772588722239781,0.5,0.67,0.666666667,0.048,-0.0595999999999999,0.61,0.6,0.297,2,1,0.0
2026-02-14,TheMongolZ,paiN,Dust2,3,1,1.6,2.35,152,107,0.333,0.385,2.772588722239781,2.772588722239781,0.25,0.2,0.666666667,-0.048,0.0595999999999999,0.6,0.61,0.703,1,2,1.0
2026-02-14,paiN,TheMongolZ,Dust2,3,1,2.35,1.6,-152,-107,0.385,0.333,2.772588722239781,2.772588722239781,0.2,0.25,0.666666667,0.048,-0.0595999999999999,0.61,0.6,0.297,2,1,0.0
2026-02-15,NaVi,MOUZ,Inferno,3,1,2.23,1.66,-184,-130,0.6,0.615,2.772588722239781,2.772588722239781,0.25,0.67,0.4166666666666667,-0.022,-0.022,0.62,0.59,0.684,0,0,0.0
2026-02-15,MOUZ,NaVi,Inferno,3,1,1.66,2.23,184,130,0.615,0.6,2.772588722239781,2.772588722239781,0.67,0.25,0.4166666666666667,0.022,0.022,0.59,0.62,0.3159999999999999,0,0,1.0
2026-02-15,NaVi,MOUZ,Mirage,3,1,2.23,1.66,-184,-130,0.6,0.615,2.772588722239781,2.772588722239781,0.57,0.25,0.4166666666666667,-0.022,-0.022,0.62,0.59,0.684,0,0,0.0
2026-02-15,MOUZ,NaVi,Mirage,3,1,1.66,2.23,184,130,0.615,0.6,2.772588722239781,2.772588722239781,0.25,0.57,0.4166666666666667,0.022,0.022,0.59,0.62,0.3159999999999999,0,0,1.0
2026-02-15,3DMAX,Astralis,Overpass,3,1,2.05,1.78,-21,-91,0.412,0.467,2.772588722239781,2.772588722239781,0.66,0.89,0.25,-0.0059999999999997,-0.0053999999999998,0.5,0.51,0.337,0,2,0.0
2026-02-15,Astralis,3DMAX,Overpass,3,1,1.78,2.05,21,91,0.467,0.412,2.772588722239781,2.772588722239781,0.89,0.66,0.25,0.0059999999999997,0.0053999999999998,0.51,0.5,0.663,2,0,1.0
2026-02-15,3DMAX,Astralis,Nuke,3,1,2.05,1.78,-21,-91,0.412,0.467,2.772588722239781,2.772588722239781,0.4,0.17,0.25,-0.0059999999999997,-0.0053999999999998,0.5,0.51,0.337,0,2,0.0
2026-02-15,Astralis,3DMAX,Nuke,3,1,1.78,2.05,21,91,0.467,0.412,2.772588722239781,2.772588722239781,0.17,0.4,0.25,0.0059999999999997,0.0053999999999998,0.51,0.5,0.663,2,0,1.0
2026-02-15,Falcons,FaZe,Anubis,3,1,1.32,3.42,177,202,0.611,0.619,2.772588722239781,2.772588722239781,0.33,0.5,0.8181818181818182,0.0459999999999998,0.0459999999999998,0.53,0.57,0.495,0,0,1.0
2026-02-15,FaZe,Falcons,Anubis,3,1,3.42,1.32,-177,-202,0.619,0.611,2.772588722239781,2.772588722239781,0.5,0.33,0.8181818181818182,-0.0459999999999998,-0.0459999999999998,0.57,0.53,0.505,0,0,0.0
2026-02-15,Falcons,FaZe,Dust2,3,1,1.32,3.42,177,202,0.611,0.619,2.772588722239781,2.772588722239781,0.62,0.57,0.8181818181818182,0.0459999999999998,0.0459999999999998,0.53,0.57,0.495,0,0,0.0
2026-02-15,FaZe,Falcons,Dust2,3,1,3.42,1.32,-177,-202,0.619,0.611,2.772588722239781,2.772588722239781,0.57,0.62,0.8181818181818182,-0.0459999999999998,-0.0459999999999998,0.57,0.53,0.505,0,0,1.0
2026-02-15,Falcons,FaZe,Ancient,3,1,1.32,3.42,177,202,0.611,0.619,2.772588722239781,2.772588722239781,0.2,0.75,0.8181818181818182,0.0459999999999998,0.0459999999999998,0.53,0.57,0.495,0,0,1.0
2026-02-15,FaZe,Falcons,Ancient,3,1,3.42,1.32,-177,-202,0.619,0.611,2.772588722239781,2.772588722239781,0.75,0.2,0.8181818181818182,-0.0459999999999998,-0.0459999999999998,0.57,0.53,0.505,0,0,0.0
2026-02-15,G2,PARIVISION,Mirage,3,1,1.72,2.13,-77,-183,0.5,0.625,2.772588722239781,2.772588722239781,0.6,0.78,0.5,-0.0079999999999997,-0.0079999999999997,0.52,0.63,0.539,0,0,1.0
2026-02-15,PARIVISION,G2,Mirage,3,1,2.13,1.72,77,183,0.625,0.5,2.772588722239781,2.772588722239781,0.78,0.6,0.5,0.0079999999999997,0.0079999999999997,0.63,0.52,0.4609999999999999,0,0,0.0
2026-02-15,G2,PARIVISION,Inferno,3,1,1.72,2.13,-77,-183,0.5,0.625,2.772588722239781,2.772588722239781,0.25,0.5,0.5,-0.0079999999999997,-0.0079999999999997,0.52,0.63,0.539,0,0,0.0
2026-02-15,PARIVISION,G2,Inferno,3,1,2.13,1.72,77,183,0.625,0.5,2.772588722239781,2.772588722239781,0.5,0.25,0.5,0.0079999999999997,0.0079999999999997,0.63,0.52,0.4609999999999999,0,0,1.0
2026-02-15,G2,PARIVISION,Dust2,3,1,1.72,2.13,-77,-183,0.5,0.625,2.772588722239781,2.772588722239781,0.5,0.82,0.5,-0.0079999999999997,-0.0079999999999997,0.52,0.63,0.539,0,0,0.0
2026-02-15,PARIVISION,G2,Dust2,3,1,2.13,1.72,77,183,0.625,0.5,2.772588722239781,2.772588722239781,0.82,0.5,0.5,0.0079999999999997,0.0079999999999997,0.63,0.52,0.4609999999999999,0,0,1.0
2026-02-15,FURIA,FUT,Mirage,3,1,1.37,3.12,618,384,0.778,0.714,2.772588722239781,2.772588722239781,0.58,0.89,0.4285714285714285,0.0219999999999997,0.1311999999999997,0.58,0.62,0.565,0,0,0.0
2026-02-15,FUT,FURIA,Mirage,3,1,3.12,1.37,-618,-384,0.714,0.778,2.772588722239781,2.772588722239781,0.89,0.58,0.4285714285714285,-0.0219999999999997,-0.1311999999999997,0.62,0.58,0.435,0,0,1.0
2026-02-15,FURIA,FUT,Overpass,3,1,1.37,3.12,618,384,0.778,0.714,2.772588722239781,2.772588722239781,0.4,0.67,0.4285714285714285,0.0219999999999997,0.1311999999999997,0.58,0.62,0.565,0,0,1.0
2026-02-15,FUT,FURIA,Overpass,3,1,3.12,1.37,-618,-384,0.714,0.778,2.772588722239781,2.772588722239781,0.67,0.4,0.4285714285714285,-0.0219999999999997,-0.1311999999999997,0.62,0.58,0.435,0,0,0.0
2026-02-15,FURIA,FUT,Anubis,3,1,1.37,3.12,618,384,0.778,0.714,2.772588722239781,2.772588722239781,0.75,0.16667,0.4285714285714285,0.0219999999999997,0.1311999999999997,0.58,0.62,0.565,0,0,1.0
2026-02-15,FUT,FURIA,Anubis,3,1,3.12,1.37,-618,-384,0.714,0.778,2.772588722239781,2.772588722239781,0.16667,0.75,0.4285714285714285,-0.0219999999999997,-0.1311999999999997,0.62,0.58,0.435,0,0,0.0
2026-02-15,Aurora,paiN,Nuke,3,1,1.37,3.12,138,272,0.429,0.273,2.772588722239781,2.772588722239781,0.67,0.6,0.8181818181818182,-0.014,-0.0126,0.54,0.61,0.875,1,2,0.0
2026-02-15,paiN,Aurora,Nuke,3,1,3.12,1.37,-138,-272,0.273,0.429,2.772588722239781,2.772588722239781,0.6,0.67,0.8181818181818182,0.014,0.0126,0.61,0.54,0.125,2,1,1.0
2026-02-15,Aurora,paiN,Anubis,3,1,1.37,3.12,138,272,0.429,0.273,2.772588722239781,2.772588722239781,0.8,0.5,0.8181818181818182,-0.014,-0.0126,0.54,0.61,0.875,1,2,1.0
2026-02-15,paiN,Aurora,Anubis,3,1,3.12,1.37,-138,-272,0.273,0.429,2.772588722239781,2.772588722239781,0.5,0.8,0.8181818181818182,0.014,0.0126,0.61,0.54,0.125,2,1,0.0
2026-02-15,Aurora,paiN,Dust2,3,1,1.37,3.12,138,272,0.429,0.273,2.772588722239781,2.772588722239781,0.57,0.17,0.8181818181818182,-0.014,-0.0126,0.54,0.61,0.875,1,2,1.0
2026-02-15,paiN,Aurora,Dust2,3,1,3.12,1.37,-138,-272,0.273,0.429,2.772588722239781,2.772588722239781,0.17,0.57,0.8181818181818182,0.014,0.0126,0.61,0.54,0.125,2,1,0.0
2026-02-15,Vitality,TheMongolZ,Mirage,3,1,1.16,5.28,753,437,0.833,0.5,2.772588722239781,2.772588722239781,0.6,0.75,0.7241379310344828,0.064,0.1708,0.72,0.6,0.758,0,1,0.0
2026-02-15,TheMongolZ,Vitality,Mirage,3,1,5.28,1.16,-753,-437,0.5,0.833,2.772588722239781,2.772588722239781,0.75,0.6,0.7241379310344828,-0.064,-0.1708,0.6,0.72,0.242,1,0,1.0
2026-02-15,Vitality,TheMongolZ,Dust2,3,1,1.16,5.28,753,437,0.833,0.5,2.772588722239781,2.772588722239781,0.9,0.4,0.7241379310344828,0.064,0.1708,0.72,0.6,0.758,0,1,1.0
2026-02-15,TheMongolZ,Vitality,Dust2,3,1,5.28,1.16,-753,-437,0.5,0.833,2.772588722239781,2.772588722239781,0.4,0.9,0.7241379310344828,-0.064,-0.1708,0.6,0.72,0.242,1,0,0.0
2026-02-15,Vitality,TheMongolZ,Nuke,3,1,1.16,5.28,753,437,0.833,0.5,2.772588722239781,2.772588722239781,0.5,0.25,0.7241379310344828,0.064,0.1708,0.72,0.6,0.758,0,1,1.0
2026-02-15,TheMongolZ,Vitality,Nuke,3,1,5.28,1.16,-753,-437,0.5,0.833,2.772588722239781,2.772588722239781,0.25,0.5,0.7241379310344828,-0.064,-0.1708,0.6,0.72,0.242,1,0,0.0
2026-02-15,B8,HEROIC,Nuke,3,1,1.99,1.82,33,107,0.5,0.444,2.772588722239781,2.772588722239781,0.5,0.5,0.33333,0.0439999999999999,0.1877999999999999,0.55,0.48,0.689,1,1,1.0
2026-02-15,HEROIC,B8,Nuke,3,1,1.82,1.99,-33,-107,0.444,0.5,2.772588722239781,2.772588722239781,0.5,0.5,0.33333,-0.0439999999999999,-0.1877999999999999,0.48,0.55,0.311,1,1,0.0
2026-02-15,B8,HEROIC,Ancient,3,1,1.99,1.82,33,107,0.5,0.444,2.772588722239781,2.772588722239781,0.83,0.333,0.33333,0.0439999999999999,0.1877999999999999,0.55,0.48,0.689,1,1,1.0
2026-02-15,HEROIC,B8,Ancient,3,1,1.82,1.99,-33,-107,0.444,0.5,2.772588722239781,2.772588722239781,0.333,0.83,0.33333,-0.0439999999999999,-0.1877999999999999,0.48,0.55,0.311,1,1,0.0
2026-02-16,NaVi,Aurora,Anubis,3,1,1.66,2.23,56,-6,0.562,0.467,2.772588722239781,2.772588722239781,0.333,0.8333333333333334,0.5,0.03,0.1338,0.62,0.54,0.48,0,1,1.0
2026-02-16,Aurora,NaVi,Anubis,3,1,2.23,1.66,-56,6,0.467,0.562,2.772588722239781,2.772588722239781,0.8333333333333334,0.333,0.5,-0.03,-0.1338,0.54,0.62,0.52,1,0,0.0
2026-02-16,NaVi,Aurora,Mirage,3,1,1.66,2.23,56,-6,0.562,0.467,2.772588722239781,2.772588722239781,0.5,0.25,0.5,0.03,0.1338,0.62,0.54,0.48,0,1,0.0
2026-02-16,Aurora,NaVi,Mirage,3,1,2.23,1.66,-56,6,0.467,0.562,2.772588722239781,2.772588722239781,0.25,0.5,0.5,-0.03,-0.1338,0.54,0.62,0.52,1,0,1.0
2026-02-16,NaVi,Aurora,Inferno,3,1,1.66,2.23,56,-6,0.562,0.467,2.772588722239781,2.772588722239781,0.2,0.67,0.5,0.03,0.1338,0.62,0.54,0.48,0,1,1.0
2026-02-16,Aurora,NaVi,Inferno,3,1,2.23,1.66,-56,6,0.467,0.562,2.772588722239781,2.772588722239781,0.67,0.2,0.5,-0.03,-0.1338,0.54,0.62,0.52,1,0,0.0
2026-02-16,FaZe,PARIVISION,Mirage,3,1,2.08,1.75,14,67,0.591,0.64,2.772588722239781,2.772588722239781,0.33,0.7,0.5,-0.04,-0.04,0.57,0.63,0.47,0,0,1.0
2026-02-16,PARIVISION,FaZe,Mirage,3,1,1.75,2.08,-14,-67,0.64,0.591,2.772588722239781,2.772588722239781,0.7,0.33,0.5,0.04,0.04,0.63,0.57,0.53,0,0,0.0
2026-02-16,FaZe,PARIVISION,Ancient,3,1,2.08,1.75,14,67,0.591,0.64,2.772588722239781,2.772588722239781,0.6,0.6,0.5,-0.04,-0.04,0.57,0.63,0.47,0,0,0.0
2026-02-16,PARIVISION,FaZe,Ancient,3,1,1.75,2.08,-14,-67,0.64,0.591,2.772588722239781,2.772588722239781,0.6,0.6,0.5,0.04,0.04,0.63,0.57,0.53,0,0,1.0
2026-02-16,FaZe,PARIVISION,Inferno,3,1,2.08,1.75,14,67,0.591,0.64,2.772588722239781,2.772588722239781,0.6,0.56,0.5,-0.04,-0.04,0.57,0.63,0.47,0,0,0.0
2026-02-16,PARIVISION,FaZe,Inferno,3,1,1.75,2.08,-14,-67,0.64,0.591,2.772588722239781,2.772588722239781,0.56,0.6,0.5,0.04,0.04,0.63,0.57,0.53,0,0,1.0
2026-02-16,TheMongolZ,B8,Ancient,3,1,1.53,2.52,143,22,0.444,0.529,2.772588722239781,2.772588722239781,0.5,0.86,0.75,-0.0159999999999997,0.0914,0.6,0.55,0.693,1,1,1.0
2026-02-16,B8,TheMongolZ,Ancient,3,1,2.52,1.53,-143,-22,0.529,0.444,2.772588722239781,2.772588722239781,0.86,0.5,0.75,0.0159999999999997,-0.0914,0.55,0.6,0.307,1,1,0.0
2026-02-16,TheMongolZ,B8,Mirage,3,1,1.53,2.52,143,22,0.444,0.529,2.772588722239781,2.772588722239781,0.8,0.29,0.75,-0.0159999999999997,0.0914,0.6,0.55,0.693,1,1,0.0
2026-02-16,B8,TheMongolZ,Mirage,3,1,2.52,1.53,-143,-22,0.529,0.444,2.772588722239781,2.772588722239781,0.29,0.8,0.75,0.0159999999999997,-0.0914,0.55,0.6,0.307,1,1,1.0
2026-02-16,TheMongolZ,B8,Nuke,3,1,1.53,2.52,143,22,0.444,0.529,2.772588722239781,2.772588722239781,0.2,0.6667,0.75,-0.0159999999999997,0.0914,0.6,0.55,0.693,1,1,1.0
2026-02-16,B8,TheMongolZ,Nuke,3,1,2.52,1.53,-143,-22,0.529,0.444,2.772588722239781,2.772588722239781,0.6667,0.2,0.75,0.0159999999999997,-0.0914,0.55,0.6,0.307,1,1,0.0
2026-02-16,FUT,Astralis,Overpass,3,1,1.66,2.23,-36,-96,0.69,0.5,2.772588722239781,2.772588722239781,0.57,0.9,0.4,0.038,0.0342,0.61,0.51,0.634,0,2,1.0
2026-02-16,Astralis,FUT,Overpass,3,1,2.23,1.66,36,96,0.5,0.69,2.772588722239781,2.772588722239781,0.9,0.57,0.4,-0.038,-0.0342,0.51,0.61,0.366,2,0,0.0
2026-02-16,FUT,Astralis,Mirage,3,1,1.66,2.23,-36,-96,0.69,0.5,2.772588722239781,2.772588722239781,0.9,0.25,0.4,0.038,0.0342,0.61,0.51,0.634,0,2,1.0
2026-02-16,Astralis,FUT,Mirage,3,1,2.23,1.66,36,96,0.5,0.69,2.772588722239781,2.772588722239781,0.25,0.9,0.4,-0.038,-0.0342,0.51,0.61,0.366,2,0,0.0
2026-02-16,MOUZ,Vitality,Dust2,3,1,3.14,1.37,-519,-125,0.643,0.842,2.772588722239781,2.772588722239781,0.43,0.9090909090909092,0.3191489361702128,-0.036,-0.036,0.59,0.72,0.179,0,0,0.0
2026-02-16,Vitality,MOUZ,Dust2,3,1,1.37,3.14,519,125,0.842,0.643,2.772588722239781,2.772588722239781,0.9090909090909092,0.43,0.3191489361702128,0.036,0.036,0.72,0.59,0.821,0,0,1.0
2026-02-16,MOUZ,Vitality,Inferno,3,1,3.14,1.37,-519,-125,0.643,0.842,2.772588722239781,2.772588722239781,0.71,0.75,0.3191489361702128,-0.036,-0.036,0.59,0.72,0.179,0,0,0.0
2026-02-16,Vitality,MOUZ,Inferno,3,1,1.37,3.14,519,125,0.842,0.643,2.772588722239781,2.772588722239781,0.75,0.71,0.3191489361702128,0.036,0.036,0.72,0.59,0.821,0,0,1.0
2026-02-16,3DMAX,HEROIC,Nuke,3,1,1.72,2.13,83,127,0.389,0.4,2.772588722239781,2.772588722239781,0.33,0.4,0.6,0.056,0.1974,0.49,0.47,0.713,0,1,0.0
2026-02-16,HEROIC,3DMAX,Nuke,3,1,2.13,1.72,-83,-127,0.4,0.389,2.772588722239781,2.772588722239781,0.4,0.33,0.6,-0.056,-0.1974,0.47,0.49,0.287,1,0,1.0
2026-02-16,3DMAX,HEROIC,Inferno,3,1,1.72,2.13,83,127,0.389,0.4,2.772588722239781,2.772588722239781,0.43,0.33,0.6,0.056,0.1974,0.49,0.47,0.713,0,1,0.0
2026-02-16,HEROIC,3DMAX,Inferno,3,1,2.13,1.72,-83,-127,0.4,0.389,2.772588722239781,2.772588722239781,0.33,0.43,0.6,-0.056,-0.1974,0.47,0.49,0.287,1,0,1.0
2026-02-16,FURIA,Falcons,Mirage,3,1,1.93,1.88,253,71,0.789,0.632,2.772588722239781,2.772588722239781,0.54,0.75,0.6875,0.004,0.004,0.58,0.53,0.565,0,0,1.0
2026-02-16,Falcons,FURIA,Mirage,3,1,1.88,1.93,-253,-71,0.632,0.789,2.772588722239781,2.772588722239781,0.75,0.54,0.6875,-0.004,-0.004,0.53,0.58,0.435,0,0,0.0
2026-02-16,FURIA,Falcons,Inferno,3,1,1.93,1.88,253,71,0.789,0.632,2.772588722239781,2.772588722239781,0.56,0.56,0.6875,0.004,0.004,0.58,0.53,0.565,0,0,0.0
2026-02-16,Falcons,FURIA,Inferno,3,1,1.88,1.93,-253,-71,0.632,0.789,2.772588722239781,2.772588722239781,0.56,0.56,0.6875,-0.004,-0.004,0.53,0.58,0.435,0,0,1.0
2026-02-16,FURIA,Falcons,Anubis,3,1,1.93,1.88,253,71,0.789,0.632,2.772588722239781,2.772588722239781,0.8,0.5,0.6875,0.004,0.004,0.58,0.53,0.565,0,0,0.0
2026-02-16,Falcons,FURIA,Anubis,3,1,1.88,1.93,-253,-71,0.632,0.789,2.772588722239781,2.772588722239781,0.5,0.8,0.6875,-0.004,-0.004,0.53,0.58,0.435,0,0,1.0
2026-02-16,G2,paiN,Inferno,3,1,1.3,3.59,169,190,0.462,0.25,2.772588722239781,2.772588722239781,0.2,0.5,0.8333333333333334,0.052,0.156,0.52,0.61,0.895,0,2,1.0
2026-02-16,paiN,G2,Inferno,3,1,3.59,1.3,-169,-190,0.25,0.462,2.772588722239781,2.772588722239781,0.5,0.2,0.8333333333333334,-0.052,-0.156,0.61,0.52,0.1049999999999999,2,0,0.0
2026-02-16,G2,paiN,Mirage,3,1,1.3,3.59,169,190,0.462,0.25,2.772588722239781,2.772588722239781,0.67,0.4,0.8333333333333334,0.052,0.156,0.52,0.61,0.895,0,2,1.0
2026-02-16,paiN,G2,Mirage,3,1,3.59,1.3,-169,-190,0.25,0.462,2.772588722239781,2.772588722239781,0.4,0.67,0.8333333333333334,-0.052,-0.156,0.61,0.52,0.1049999999999999,2,0,0.0
2026-02-17,MOUZ,FUT,Mirage,3,1,1.48,2.66,353,282,0.6,0.7,2.772588722239781,2.772588722239781,0.4,0.9,0.5,1e-08,0.1091999999999999,0.59,0.62,0.301,0,0,1.0
2026-02-17,FUT,MOUZ,Mirage,3,1,2.66,1.48,-353,-282,0.7,0.6,2.772588722239781,2.772588722239781,0.9,0.4,0.5,-1e-08,-0.1091999999999999,0.62,0.59,0.6990000000000001,0,0,0.0
2026-02-17,MOUZ,FUT,Overpass,3,1,1.48,2.66,353,282,0.6,0.7,2.772588722239781,2.772588722239781,0.8,0.62,0.5,1e-08,0.1091999999999999,0.59,0.62,0.301,0,0,1.0
2026-02-17,FUT,MOUZ,Overpass,3,1,2.66,1.48,-353,-282,0.7,0.6,2.772588722239781,2.772588722239781,0.62,0.8,0.5,-1e-08,-0.1091999999999999,0.62,0.59,0.6990000000000001,0,0,0.0
2026-02-17,FaZe,Astralis,Ancient,3,1,1.49,2.63,143,22,0.565,0.471,2.772588722239781,2.772588722239781,0.5,0.5,0.75,0.02,0.1243999999999999,0.56,0.51,0.701,0,2,0.0
2026-02-17,Astralis,FaZe,Ancient,3,1,2.63,1.49,-143,-22,0.471,0.565,2.772588722239781,2.772588722239781,0.5,0.5,0.75,-0.02,-0.1243999999999999,0.51,0.56,0.299,2,0,1.0
2026-02-17,FaZe,Astralis,Mirage,3,1,1.49,2.63,143,22,0.565,0.471,2.772588722239781,2.772588722239781,0.43,0.22,0.75,0.02,0.1243999999999999,0.56,0.51,0.701,0,2,0.0
2026-02-17,Astralis,FaZe,Mirage,3,1,2.63,1.49,-143,-22,0.471,0.565,2.772588722239781,2.772588722239781,0.22,0.43,0.75,-0.02,-0.1243999999999999,0.51,0.56,0.299,2,0,1.0
2026-02-17,NaVi,TheMongolZ,Inferno,3,1,1.49,2.63,33,177,0.588,0.5,2.772588722239781,2.772588722239781,0.33,0.5,0.631578947368421,0.002,0.002,0.62,0.6,0.775,0,1,1.0
2026-02-17,TheMongolZ,NaVi,Inferno,3,1,2.63,1.49,-33,-177,0.5,0.588,2.772588722239781,2.772588722239781,0.5,0.33,0.631578947368421,-0.002,-0.002,0.6,0.62,0.2249999999999999,1,0,0.0
2026-02-17,NaVi,TheMongolZ,Nuke,3,1,1.49,2.63,33,177,0.588,0.5,2.772588722239781,2.772588722239781,0.5,0.25,0.631578947368421,0.002,0.002,0.62,0.6,0.775,0,1,0.0
2026-02-17,TheMongolZ,NaVi,Nuke,3,1,2.63,1.49,-33,-177,0.5,0.588,2.772588722239781,2.772588722239781,0.25,0.5,0.631578947368421,-0.002,-0.002,0.6,0.62,0.2249999999999999,1,0,1.0
2026-02-17,NaVi,TheMongolZ,Mirage,3,1,1.49,2.63,33,177,0.588,0.5,2.772588722239781,2.772588722239781,0.44,0.67,0.631578947368421,0.002,0.002,0.62,0.6,0.775,0,1,0.0
2026-02-17,TheMongolZ,NaVi,Mirage,3,1,2.63,1.49,-33,-177,0.5,0.588,2.772588722239781,2.772588722239781,0.67,0.44,0.631578947368421,-0.002,-0.002,0.6,0.62,0.2249999999999999,1,0,1.0
2026-02-17,B8,Aurora,Overpass,3,1,2.77,1.45,-128,-193,0.5,0.438,2.772588722239781,2.772588722239781,0.33,0.4,0.5,-0.004,-0.0036,0.55,0.54,0.247,1,1,1.0
2026-02-17,Aurora,B8,Overpass,3,1,1.45,2.77,128,193,0.438,0.5,2.772588722239781,2.772588722239781,0.4,0.33,0.5,0.004,0.0036,0.54,0.55,0.753,1,1,0.0
2026-02-17,B8,Aurora,Mirage,3,1,2.77,1.45,-128,-193,0.5,0.438,2.772588722239781,2.772588722239781,0.38,0.333,0.5,-0.004,-0.0036,0.55,0.54,0.247,1,1,1.0
2026-02-17,Aurora,B8,Mirage,3,1,1.45,2.77,128,193,0.438,0.5,2.772588722239781,2.772588722239781,0.333,0.38,0.5,0.004,0.0036,0.54,0.55,0.753,1,1,0.0
2026-02-17,FURIA,PARIVISION,Dust2,3,1,1.46,2.73,425,93,0.737,0.654,2.772588722239781,2.772588722239781,0.71,0.83,0.25,0.01,0.01,0.58,0.63,0.461,0,0,1.0
2026-02-17,PARIVISION,FURIA,Dust2,3,1,2.73,1.46,-425,-93,0.654,0.737,2.772588722239781,2.772588722239781,0.83,0.71,0.25,-0.01,-0.01,0.63,0.58,0.5389999999999999,0,0,0.0
2026-02-17,FURIA,PARIVISION,Inferno,3,1,1.46,2.73,425,93,0.737,0.654,2.772588722239781,2.772588722239781,0.56,0.6,0.25,0.01,0.01,0.58,0.63,0.461,0,0,0.0
2026-02-17,PARIVISION,FURIA,Inferno,3,1,2.73,1.46,-425,-93,0.654,0.737,2.772588722239781,2.772588722239781,0.6,0.56,0.25,-0.01,-0.01,0.63,0.58,0.5389999999999999,0,0,1.0
2026-02-17,FURIA,PARIVISION,Mirage,3,1,1.46,2.73,425,93,0.737,0.654,2.772588722239781,2.772588722239781,0.54,0.64,0.25,0.01,0.01,0.58,0.63,0.461,0,0,1.0
2026-02-17,PARIVISION,FURIA,Mirage,3,1,2.73,1.46,-425,-93,0.654,0.737,2.772588722239781,2.772588722239781,0.64,0.54,0.25,-0.01,-0.01,0.63,0.58,0.5389999999999999,0,0,0.0
2026-02-17,G2,HEROIC,Mirage,3,1,1.27,3.77,144,206,0.5,0.455,2.772588722239781,2.772588722239781,0.71,0.67,0.5,0.09,0.3405,0.53,0.48,0.857,0,1,1.0
2026-02-17,HEROIC,G2,Mirage,3,1,3.77,1.27,-144,-206,0.455,0.5,2.772588722239781,2.772588722239781,0.67,0.71,0.5,-0.09,-0.3405,0.48,0.53,0.143,1,0,0.0
2026-02-17,G2,HEROIC,Ancient,3,1,1.27,3.77,144,206,0.5,0.455,2.772588722239781,2.772588722239781,0.75,0.25,0.5,0.09,0.3405,0.53,0.48,0.857,0,1,1.0
2026-02-17,HEROIC,G2,Ancient,3,1,3.77,1.27,-144,-206,0.455,0.5,2.772588722239781,2.772588722239781,0.25,0.75,0.5,-0.09,-0.3405,0.48,0.53,0.143,1,0,0.0
2026-02-18,Aurora,Astralis,Overpass,3,1,1.59,2.36,63,65,0.471,0.5,2.772588722239781,2.772588722239781,0.5,0.82,0.5294117647058824,-0.0079999999999997,-0.0071999999999998,0.54,0.51,0.642,1,2,1.0
2026-02-18,Astralis,Aurora,Overpass,3,1,2.36,1.59,-63,-65,0.5,0.471,2.772588722239781,2.772588722239781,0.82,0.5,0.5294117647058824,0.0079999999999997,0.0071999999999998,0.51,0.54,0.358,2,1,0.0
2026-02-18,Aurora,Astralis,Dust2,3,1,1.59,2.36,63,65,0.471,0.5,2.772588722239781,2.772588722239781,0.62,0.25,0.5294117647058824,-0.0079999999999997,-0.0071999999999998,0.54,0.51,0.642,1,2,1.0
2026-02-18,Astralis,Aurora,Dust2,3,1,2.36,1.59,-63,-65,0.5,0.471,2.772588722239781,2.772588722239781,0.25,0.62,0.5294117647058824,0.0079999999999997,0.0071999999999998,0.51,0.54,0.358,2,1,0.0
2026-02-18,FUT,PARIVISION,Dust2,3,1,2.23,1.66,203,256,0.677,0.63,2.772588722239781,2.772588722239781,0.5,0.77,0.4166666666666667,-0.014,-0.1223999999999999,0.61,0.53,0.458,0,1,0.0
2026-02-18,PARIVISION,FUT,Dust2,3,1,1.66,2.23,-203,-256,0.63,0.677,2.772588722239781,2.772588722239781,0.77,0.5,0.4166666666666667,0.014,0.1223999999999999,0.53,0.61,0.542,1,0,1.0
2026-02-18,FUT,PARIVISION,Mirage,3,1,2.23,1.66,203,256,0.677,0.63,2.772588722239781,2.772588722239781,0.86,0.58,0.4166666666666667,-0.014,-0.1223999999999999,0.61,0.53,0.458,0,1,1.0
2026-02-18,PARIVISION,FUT,Mirage,3,1,1.66,2.23,-203,-256,0.63,0.677,2.772588722239781,2.772588722239781,0.58,0.86,0.4166666666666667,0.014,0.1223999999999999,0.53,0.61,0.542,1,0,0.0
2026-02-18,FUT,PARIVISION,Ancient,3,1,2.23,1.66,203,256,0.677,0.63,2.772588722239781,2.772588722239781,0.64,0.64,0.4166666666666667,-0.014,-0.1223999999999999,0.61,0.53,0.458,0,1,0.0
2026-02-18,PARIVISION,FUT,Ancient,3,1,1.66,2.23,-203,-256,0.63,0.677,2.772588722239781,2.772588722239781,0.64,0.64,0.4166666666666667,0.014,0.1223999999999999,0.53,0.61,0.542,1,0,1.0
2026-02-18,NaVi,G2,Dust2,3,1,1.85,1.95,35,63,0.556,0.533,2.772588722239781,2.772588722239781,0.4,0.44,0.7142857142857143,-0.04,-0.04,0.62,0.54,0.554,0,0,1.0
2026-02-18,G2,NaVi,Dust2,3,1,1.95,1.85,-35,-63,0.533,0.556,2.772588722239781,2.772588722239781,0.44,0.4,0.7142857142857143,0.04,0.04,0.54,0.62,0.4459999999999999,0,0,0.0
2026-02-18,NaVi,G2,Ancient,3,1,1.85,1.95,35,63,0.556,0.533,2.772588722239781,2.772588722239781,0.8333333333333334,0.8,0.7142857142857143,-0.04,-0.04,0.62,0.54,0.554,0,0,1.0
2026-02-18,G2,NaVi,Ancient,3,1,1.95,1.85,-35,-63,0.533,0.556,2.772588722239781,2.772588722239781,0.8,0.8333333333333334,0.7142857142857143,0.04,0.04,0.54,0.62,0.4459999999999999,0,0,0.0
2026-02-20,Falcons,PARIVISION,Dust2,3,1,1.37,3.12,132,51,0.667,0.63,2.772588722239781,2.772588722239781,0.56,0.79,0.2,0.0159999999999997,0.0159999999999997,0.53,0.63,0.614,0,0,0.0
2026-02-20,PARIVISION,Falcons,Dust2,3,1,3.12,1.37,-132,-51,0.63,0.667,2.772588722239781,2.772588722239781,0.79,0.56,0.2,-0.0159999999999997,-0.0159999999999997,0.63,0.53,0.386,0,0,1.0
2026-02-20,Falcons,PARIVISION,Mirage,3,1,1.37,3.12,132,51,0.667,0.63,2.772588722239781,2.772588722239781,0.75,0.5,0.2,0.0159999999999997,0.0159999999999997,0.53,0.63,0.614,0,0,1.0
2026-02-20,PARIVISION,Falcons,Mirage,3,1,3.12,1.37,-132,-51,0.63,0.667,2.772588722239781,2.772588722239781,0.5,0.75,0.2,-0.0159999999999997,-0.0159999999999997,0.63,0.53,0.386,0,0,0.0
2026-02-20,Falcons,PARIVISION,Ancient,3,1,1.37,3.12,132,51,0.667,0.63,2.772588722239781,2.772588722239781,0.25,0.64,0.2,0.0159999999999997,0.0159999999999997,0.53,0.63,0.614,0,0,0.0
2026-02-20,PARIVISION,Falcons,Ancient,3,1,3.12,1.37,-132,-51,0.63,0.667,2.772588722239781,2.772588722239781,0.64,0.25,0.2,-0.0159999999999997,-0.0159999999999997,0.63,0.53,0.386,0,0,1.0
2026-02-20,MOUZ,NaVi,Ancient,3,1,1.55,2.46,194,136,0.625,0.579,2.772588722239781,2.772588722239781,0.6667,0.8571428571428571,0.6153846153846154,0.044,0.044,0.59,0.62,0.376,0,0,0.0
2026-02-20,NaVi,MOUZ,Ancient,3,1,2.46,1.55,-194,-136,0.579,0.625,2.772588722239781,2.772588722239781,0.8571428571428571,0.6667,0.6153846153846154,-0.044,-0.044,0.62,0.59,0.624,0,0,1.0
2026-02-20,MOUZ,NaVi,Inferno,3,1,1.55,2.46,194,136,0.625,0.579,2.772588722239781,2.772588722239781,0.62,0.43,0.6153846153846154,0.044,0.044,0.59,0.62,0.376,0,0,1.0
2026-02-20,NaVi,MOUZ,Inferno,3,1,2.46,1.55,-194,-136,0.579,0.625,2.772588722239781,2.772588722239781,0.43,0.62,0.6153846153846154,-0.044,-0.044,0.62,0.59,0.624,0,0,0.0
2026-02-20,MOUZ,NaVi,Mirage,3,1,1.55,2.46,194,136,0.625,0.579,2.772588722239781,2.772588722239781,0.5,0.4,0.6153846153846154,0.044,0.044,0.59,0.62,0.376,0,0,1.0
2026-02-20,NaVi,MOUZ,Mirage,3,1,2.46,1.55,-194,-136,0.579,0.625,2.772588722239781,2.772588722239781,0.4,0.5,0.6153846153846154,-0.044,-0.044,0.62,0.59,0.624,0,0,0.0
2026-02-20,Vitality,Aurora,Inferno,3,1,1.16,5.28,770,262,0.895,0.5,2.772588722239781,2.772588722239781,0.78,0.5,0.75,0.086,0.086,0.72,0.55,0.573,0,1,1.0
2026-02-20,Aurora,Vitality,Inferno,3,1,5.28,1.16,-770,-262,0.5,0.895,2.772588722239781,2.772588722239781,0.5,0.78,0.75,-0.086,-0.086,0.55,0.72,0.427,1,0,0.0
2026-02-20,Vitality,Aurora,Overpass,3,1,1.16,5.28,770,262,0.895,0.5,2.772588722239781,2.772588722239781,0.875,0.57,0.75,0.086,0.086,0.72,0.55,0.573,0,1,1.0
2026-02-20,Aurora,Vitality,Overpass,3,1,5.28,1.16,-770,-262,0.5,0.895,2.772588722239781,2.772588722239781,0.57,0.875,0.75,-0.086,-0.086,0.55,0.72,0.427,1,0,0.0
2026-02-20,FURIA,TheMongolZ,Mirage,3,1,1.34,3.28,501,351,0.737,0.545,2.772588722239781,2.772588722239781,0.57,0.71,0.7142857142857143,0.048,0.048,0.58,0.6,0.752,0,1,0.0
2026-02-20,TheMongolZ,FURIA,Mirage,3,1,3.28,1.34,-501,-351,0.545,0.737,2.772588722239781,2.772588722239781,0.71,0.57,0.7142857142857143,-0.048,-0.048,0.6,0.58,0.248,1,0,1.0
2026-02-20,FURIA,TheMongolZ,Dust2,3,1,1.34,3.28,501,351,0.737,0.545,2.772588722239781,2.772588722239781,0.75,0.33,0.7142857142857143,0.048,0.048,0.58,0.6,0.752,0,1,1.0
2026-02-20,TheMongolZ,FURIA,Dust2,3,1,3.28,1.34,-501,-351,0.545,0.737,2.772588722239781,2.772588722239781,0.33,0.75,0.7142857142857143,-0.048,-0.048,0.6,0.58,0.248,1,0,0.0
2026-02-20,FURIA,TheMongolZ,Nuke,3,1,1.34,3.28,501,351,0.737,0.545,2.772588722239781,2.772588722239781,0.83,0.4,0.7142857142857143,0.048,0.048,0.58,0.6,0.752,0,1,0.0
2026-02-20,TheMongolZ,FURIA,Nuke,3,1,3.28,1.34,-501,-351,0.545,0.737,2.772588722239781,2.772588722239781,0.4,0.83,0.7142857142857143,-0.048,-0.048,0.6,0.58,0.248,1,0,1.0
2026-02-21,PARIVISION,MOUZ,Dust2,3,1,2.46,1.55,-150,-8,0.643,0.647,2.772588722239781,2.772588722239781,0.8,0.38,0.3333333,0.008,0.008,0.63,0.59,0.649,0,0,1.0
2026-02-21,MOUZ,PARIVISION,Dust2,3,1,1.55,2.46,150,8,0.647,0.643,2.772588722239781,2.772588722239781,0.38,0.8,0.3333333,-0.008,-0.008,0.59,0.63,0.351,0,0,0.0
2026-02-21,PARIVISION,MOUZ,Inferno,3,1,2.46,1.55,-150,-8,0.643,0.647,2.772588722239781,2.772588722239781,0.6,0.67,0.3333333,0.008,0.008,0.63,0.59,0.649,0,0,1.0
2026-02-21,MOUZ,PARIVISION,Inferno,3,1,1.55,2.46,150,8,0.647,0.643,2.772588722239781,2.772588722239781,0.67,0.6,0.3333333,-0.008,-0.008,0.59,0.63,0.351,0,0,0.0
2026-02-21,Vitality,TheMongolZ,Mirage,3,1,1.15,5.63,752,340,0.9,0.583,2.772588722239781,2.772588722239781,0.5,0.75,0.71875,0.056,0.056,0.72,0.6,0.667,0,1,1.0
2026-02-21,TheMongolZ,Vitality,Mirage,3,1,5.63,1.15,-752,-340,0.583,0.9,2.772588722239781,2.772588722239781,0.75,0.5,0.71875,-0.056,-0.056,0.6,0.72,0.3329999999999999,1,0,0.0
2026-02-21,Vitality,TheMongolZ,Dust2,3,1,1.15,5.63,752,340,0.9,0.583,2.772588722239781,2.772588722239781,0.9166666,0.29,0.71875,0.056,0.056,0.72,0.6,0.667,0,1,1.0
2026-02-21,TheMongolZ,Vitality,Dust2,3,1,5.63,1.15,-752,-340,0.583,0.9,2.772588722239781,2.772588722239781,0.29,0.9166666,0.71875,-0.056,-0.056,0.6,0.72,0.3329999999999999,1,0,0.0
2026-02-22,MOUZ,TheMongolZ,Mirage,3,1,1.53,1.99,227,257,0.632,0.5,2.772588722239781,2.772588722239781,0.5714285714285714,0.66667,0.8,0.034,0.034,0.59,0.6,0.572,0,1,1.0
2026-02-22,TheMongolZ,MOUZ,Mirage,3,1,1.99,1.53,-227,-257,0.5,0.632,2.772588722239781,2.772588722239781,0.66667,0.5714285714285714,0.8,-0.034,-0.034,0.6,0.59,0.428,1,0,0.0
2026-02-22,MOUZ,TheMongolZ,Inferno,3,1,1.53,1.99,227,257,0.632,0.5,2.772588722239781,2.772588722239781,0.66667,0.333333,0.8,0.034,0.034,0.59,0.6,0.572,0,1,1.0
2026-02-22,TheMongolZ,MOUZ,Inferno,3,1,1.99,1.53,-227,-257,0.5,0.632,2.772588722239781,2.772588722239781,0.333333,0.66667,0.8,-0.034,-0.034,0.6,0.59,0.428,1,0,0.0
2026-02-22,PARIVISION,Vitality,Dust2,3,1,4.66,1.2,-675,-117,0.634,0.905,2.772588722239781,2.772588722239781,0.81,0.9230769230769232,0.5,-0.036,-0.036,0.63,0.72,0.499,0,0,0.0
2026-02-22,Vitality,PARIVISION,Dust2,3,1,1.2,4.66,675,117,0.905,0.634,2.772588722239781,2.772588722239781,0.9230769230769232,0.81,0.5,0.036,0.036,0.72,0.63,0.501,0,0,1.0
2026-02-22,PARIVISION,Vitality,Mirage,3,1,4.66,1.2,-675,-117,0.634,0.905,2.772588722239781,2.772588722239781,0.42,0.57,0.5,-0.036,-0.036,0.63,0.72,0.499,0,0,0.0
2026-02-22,Vitality,PARIVISION,Mirage,3,1,1.2,4.66,675,117,0.905,0.634,2.772588722239781,2.772588722239781,0.57,0.42,0.5,0.036,0.036,0.72,0.63,0.501,0,0,1.0
2026-02-22,PARIVISION,Vitality,Inferno,3,1,4.66,1.2,-675,-117,0.634,0.905,2.772588722239781,2.772588722239781,0.64,0.8,0.5,-0.036,-0.036,0.63,0.72,0.499,0,0,0.0
2026-02-22,Vitality,PARIVISION,Inferno,3,1,1.2,4.66,675,117,0.905,0.634,2.772588722239781,2.772588722239781,0.8,0.64,0.5,0.036,0.036,0.72,0.63,0.501,0,0,1.0
2026-03-01,HEROIC,NRG,Inferno,3,0,2.02,1.81,-3,-23,0.5,0.722,2.772588722239781,2.772588722239781,0.67,0.62,0.5,-0.0859999999999998,-0.0644999999999998,0.5,0.67,0.46,1,0,1.0
2026-03-01,NRG,HEROIC,Inferno,3,0,1.81,2.02,3,23,0.722,0.5,2.772588722239781,2.772588722239781,0.62,0.67,0.5,0.0859999999999998,0.0644999999999998,0.67,0.5,0.54,0,1,0.0
2026-03-01,HEROIC,NRG,Nuke,3,0,2.02,1.81,-3,-23,0.5,0.722,2.772588722239781,2.772588722239781,0.75,0.5,0.5,-0.0859999999999998,-0.0644999999999998,0.5,0.67,0.46,1,0,1.0
2026-03-01,NRG,HEROIC,Nuke,3,0,1.81,2.02,3,23,0.722,0.5,2.772588722239781,2.772588722239781,0.5,0.75,0.5,0.0859999999999998,0.0644999999999998,0.67,0.5,0.54,0,1,0.0
2026-03-01,PARIVISION,SemperFi,Mirage,3,0,1.07,8.43,376,989,0.654,0.353,2.772588722239781,2.772588722239781,0.44,0.33,0.5,-0.054,0.4052,0.62,0.353,0.875,0,0,1.0
2026-03-01,SemperFi,PARIVISION,Mirage,3,0,8.43,1.07,-376,-989,0.353,0.654,2.772588722239781,2.772588722239781,0.33,0.44,0.5,0.054,-0.4052,0.353,0.62,0.125,0,0,0.0
2026-03-01,PARIVISION,SemperFi,Dust2,3,0,1.07,8.43,376,989,0.654,0.353,2.772588722239781,2.772588722239781,0.73,0.25,0.5,-0.054,0.4052,0.62,0.353,0.875,0,0,1.0
2026-03-01,SemperFi,PARIVISION,Dust2,3,0,8.43,1.07,-376,-989,0.353,0.654,2.772588722239781,2.772588722239781,0.25,0.73,0.5,0.054,-0.4052,0.353,0.62,0.125,0,0,0.0
2026-03-01,G2,GaiminGladiators,Dust2,3,0,1.11,6.82,217,494,0.5,0.556,2.772588722239781,2.772588722239781,0.4,0.8,0.5,0.016,0.4464,0.53,0.54,0.853,0,2,1.0
2026-03-01,GaiminGladiators,G2,Dust2,3,0,6.82,1.11,-217,-494,0.556,0.5,2.772588722239781,2.772588722239781,0.8,0.4,0.5,-0.016,-0.4464,0.54,0.53,0.147,2,0,0.0
2026-03-01,G2,GaiminGladiators,Inferno,3,0,1.11,6.82,217,494,0.5,0.556,2.772588722239781,2.772588722239781,0.333,0.16667,0.5,0.016,0.4464,0.53,0.54,0.853,0,2,1.0
2026-03-01,GaiminGladiators,G2,Inferno,3,0,6.82,1.11,-217,-494,0.556,0.5,2.772588722239781,2.772588722239781,0.16667,0.333,0.5,-0.016,-0.4464,0.54,0.53,0.147,2,0,0.0
2026-03-01,Astralis,Monte,Dust2,3,0,1.52,2.56,124,158,0.474,0.846,2.772588722239781,2.772588722239781,0.2,0.8,0.5,-0.042,0.1236,0.51,0.58,0.693,2,1,0.0
2026-03-01,Monte,Astralis,Dust2,3,0,2.56,1.52,-124,-158,0.846,0.474,2.772588722239781,2.772588722239781,0.8,0.2,0.5,0.042,-0.1236,0.58,0.51,0.307,1,2,1.0
2026-03-01,Astralis,Monte,Ancient,3,0,1.52,2.56,124,158,0.474,0.846,2.772588722239781,2.772588722239781,0.75,0.667,0.5,-0.042,0.1236,0.51,0.58,0.693,2,1,1.0
2026-03-01,Monte,Astralis,Ancient,3,0,2.56,1.52,-124,-158,0.846,0.474,2.772588722239781,2.772588722239781,0.667,0.75,0.5,0.042,-0.1236,0.58,0.51,0.307,1,2,0.0
2026-03-01,Astralis,Monte,Nuke,3,0,1.52,2.56,124,158,0.474,0.846,2.772588722239781,2.772588722239781,0.333,0.4,0.5,-0.042,0.1236,0.51,0.58,0.693,2,1,1.0
2026-03-01,Monte,Astralis,Nuke,3,0,2.56,1.52,-124,-158,0.846,0.474,2.772588722239781,2.772588722239781,0.4,0.333,0.5,0.042,-0.1236,0.58,0.51,0.307,1,2,0.0
2026-03-01,FUT,M80,Anubis,3,0,1.46,2.73,72,177,0.583,0.682,2.772588722239781,2.772588722239781,0.1428,0.5,0.5,-0.0339999999999998,0.1374,0.6,0.66,0.805,0,0,0.0
2026-03-01,M80,FUT,Anubis,3,0,2.73,1.46,-72,-177,0.682,0.583,2.772588722239781,2.772588722239781,0.5,0.1428,0.5,0.0339999999999998,-0.1374,0.66,0.6,0.1949999999999999,0,0,1.0
2026-03-01,FUT,M80,Mirage,3,0,1.46,2.73,72,177,0.583,0.682,2.772588722239781,2.772588722239781,0.93,0.69,0.5,-0.0339999999999998,0.1374,0.6,0.66,0.805,0,0,1.0
2026-03-01,M80,FUT,Mirage,3,0,2.73,1.46,-72,-177,0.682,0.583,2.772588722239781,2.772588722239781,0.69,0.93,0.5,0.0339999999999998,-0.1374,0.66,0.6,0.1949999999999999,0,0,0.0
2026-03-01,FUT,M80,Ancient,3,0,1.46,2.73,72,177,0.583,0.682,2.772588722239781,2.772588722239781,0.67,0.83,0.5,-0.0339999999999998,0.1374,0.6,0.66,0.805,0,0,1.0
2026-03-01,M80,FUT,Ancient,3,0,2.73,1.46,-72,-177,0.682,0.583,2.772588722239781,2.772588722239781,0.83,0.67,0.5,0.0339999999999998,-0.1374,0.66,0.6,0.1949999999999999,0,0,0.0
2026-03-01,NinjasinPyjamas,Legacy,Ancient,3,0,1.8,2.02,0,-20,0.619,0.25,2.772588722239781,2.772588722239781,0.67,0.25,0.5,0.01,0.0075,0.53,0.43,0.741,1,1,0.0
2026-03-01,Legacy,NinjasinPyjamas,Ancient,3,0,2.02,1.8,0,20,0.25,0.619,2.772588722239781,2.772588722239781,0.25,0.67,0.5,-0.01,-0.0075,0.43,0.53,0.259,1,1,1.0
2026-03-01,NinjasinPyjamas,Legacy,Nuke,3,0,1.8,2.02,0,-20,0.619,0.25,2.772588722239781,2.772588722239781,0.6,0.33,0.5,0.01,0.0075,0.53,0.43,0.741,1,1,1.0
2026-03-01,Legacy,NinjasinPyjamas,Nuke,3,0,2.02,1.8,0,20,0.25,0.619,2.772588722239781,2.772588722239781,0.33,0.6,0.5,-0.01,-0.0075,0.43,0.53,0.259,1,1,0.0
2026-03-01,NinjasinPyjamas,Legacy,Overpass,3,0,1.8,2.02,0,-20,0.619,0.25,2.772588722239781,2.772588722239781,0.333,0.33,0.5,0.01,0.0075,0.53,0.43,0.741,1,1,0.0
2026-03-01,Legacy,NinjasinPyjamas,Overpass,3,0,2.02,1.8,0,20,0.25,0.619,2.772588722239781,2.772588722239781,0.33,0.333,0.5,-0.01,-0.0075,0.43,0.53,0.259,1,1,1.0
2026-03-01,Liquid,PassionUA,Dust2,3,0,1.71,2.16,30,121,0.429,0.522,2.772588722239781,2.772588722239781,0.33,0.6,0.25,-0.0419999999999998,-0.0377999999999998,0.51,0.54,0.307,0,2,0.0
2026-03-01,PassionUA,Liquid,Dust2,3,0,2.16,1.71,-30,-121,0.522,0.429,2.772588722239781,2.772588722239781,0.6,0.33,0.25,0.0419999999999998,0.0377999999999998,0.54,0.51,0.6930000000000001,2,0,1.0
2026-03-01,Liquid,PassionUA,Nuke,3,0,1.71,2.16,30,121,0.429,0.522,2.772588722239781,2.772588722239781,0.67,0.33,0.25,-0.0419999999999998,-0.0377999999999998,0.51,0.54,0.307,0,2,0.0
2026-03-01,PassionUA,Liquid,Nuke,3,0,2.16,1.71,-30,-121,0.522,0.429,2.772588722239781,2.772588722239781,0.33,0.67,0.25,0.0419999999999998,0.0377999999999998,0.54,0.51,0.6930000000000001,2,0,1.0
2026-03-01,3DMAX,paiN,Nuke,3,0,1.8,2.02,28,84,0.368,0.25,2.772588722239781,2.772588722239781,0.29,0.8,0.5,0.014,0.0126,0.5,0.61,0.688,1,2,0.0
2026-03-01,paiN,3DMAX,Nuke,3,0,2.02,1.8,-28,-84,0.25,0.368,2.772588722239781,2.772588722239781,0.8,0.29,0.5,-0.014,-0.0126,0.61,0.5,0.312,2,1,1.0
2026-03-01,3DMAX,paiN,Dust2,3,0,1.8,2.02,28,84,0.368,0.25,2.772588722239781,2.772588722239781,0.22,0.14,0.5,0.014,0.0126,0.5,0.61,0.688,1,2,1.0
2026-03-01,paiN,3DMAX,Dust2,3,0,2.02,1.8,-28,-84,0.25,0.368,2.772588722239781,2.772588722239781,0.14,0.22,0.5,-0.014,-0.0126,0.61,0.5,0.312,2,1,0.0
2026-03-01,3DMAX,paiN,Inferno,3,0,1.8,2.02,28,84,0.368,0.25,2.772588722239781,2.772588722239781,0.33,0.33,0.5,0.014,0.0126,0.5,0.61,0.688,1,2,0.0
2026-03-01,paiN,3DMAX,Inferno,3,0,2.02,1.8,-28,-84,0.25,0.368,2.772588722239781,2.772588722239781,0.33,0.33,0.5,-0.014,-0.0126,0.61,0.5,0.312,2,1,1.0
2026-03-02,NRG,Monte,Nuke,3,0,1.72,2.13,26,-1,0.765,0.7,2.772588722239781,2.772588722239781,0.333,0.333,0.5,-0.026,0.1368,0.66,0.57,0.299,1,1,0.0
2026-03-02,Monte,NRG,Nuke,3,0,2.13,1.72,-26,1,0.7,0.765,2.772588722239781,2.772588722239781,0.333,0.333,0.5,0.026,-0.1368,0.57,0.66,0.7010000000000001,1,1,1.0
2026-03-02,NRG,Monte,Anubis,3,0,1.72,2.13,26,-1,0.765,0.7,2.772588722239781,2.772588722239781,0.5,0.5,0.5,-0.026,0.1368,0.66,0.57,0.299,1,1,0.0
2026-03-02,Monte,NRG,Anubis,3,0,2.13,1.72,-26,1,0.7,0.765,2.772588722239781,2.772588722239781,0.5,0.5,0.5,0.026,-0.1368,0.57,0.66,0.7010000000000001,1,1,1.0
2026-03-02,HEROIC,Astralis,Dust2,3,0,2.23,1.66,-93,-107,0.6,0.5,2.772588722239781,2.772588722239781,0.8,0.17,0.4,0.006,0.0054,0.52,0.51,0.383,1,2,0.0
2026-03-02,Astralis,HEROIC,Dust2,3,0,1.66,2.23,93,107,0.5,0.6,2.772588722239781,2.772588722239781,0.17,0.8,0.4,-0.006,-0.0054,0.51,0.52,0.617,2,1,1.0
2026-03-02,HEROIC,Astralis,Overpass,3,0,2.23,1.66,-93,-107,0.6,0.5,2.772588722239781,2.772588722239781,0.25,0.73,0.4,0.006,0.0054,0.52,0.51,0.383,1,2,0.0
2026-03-02,Astralis,HEROIC,Overpass,3,0,1.66,2.23,93,107,0.5,0.6,2.772588722239781,2.772588722239781,0.73,0.25,0.4,-0.006,-0.0054,0.51,0.52,0.617,2,1,1.0
2026-03-02,PARIVISION,paiN,Mirage,3,0,1.23,4.25,303,539,0.619,0.308,2.772588722239781,2.772588722239781,0.5,0.333,0.5,0.04799,0.1521999,0.63,0.61,0.922,0,2,1.0
2026-03-02,paiN,PARIVISION,Mirage,3,0,4.25,1.23,-303,-539,0.308,0.619,2.772588722239781,2.772588722239781,0.333,0.5,0.5,-0.04799,-0.1521999,0.61,0.63,0.0779999999999999,2,0,0.0
2026-03-02,PARIVISION,paiN,Dust2,3,0,1.23,4.25,303,539,0.619,0.308,2.772588722239781,2.772588722239781,0.73,0.12,0.5,0.04799,0.1521999,0.63,0.61,0.922,0,2,1.0
2026-03-02,paiN,PARIVISION,Dust2,3,0,4.25,1.23,-303,-539,0.308,0.619,2.772588722239781,2.772588722239781,0.12,0.73,0.5,-0.04799,-0.1521999,0.61,0.63,0.0779999999999999,2,0,0.0
2026-03-02,3DMAX,SemperFi,Dust2,3,0,1.1,7.0,101,500,0.294,0.333,2.772588722239781,2.772588722239781,0.333,0.2,0.5,-0.095999,0.3704,0.33,0.333,0.667,1,0,1.0
2026-03-02,SemperFi,3DMAX,Dust2,3,0,7.0,1.1,-101,-500,0.333,0.294,2.772588722239781,2.772588722239781,0.2,0.333,0.5,0.095999,-0.3704,0.333,0.33,0.3329999999999999,0,1,0.0
2026-03-02,3DMAX,SemperFi,Inferno,3,0,1.1,7.0,101,500,0.294,0.333,2.772588722239781,2.772588722239781,0.29,0.71,0.5,-0.095999,0.3704,0.33,0.333,0.667,1,0,1.0
2026-03-02,SemperFi,3DMAX,Inferno,3,0,7.0,1.1,-101,-500,0.333,0.294,2.772588722239781,2.772588722239781,0.71,0.29,0.5,0.095999,-0.3704,0.333,0.33,0.3329999999999999,0,1,0.0
2026-03-02,PassionUA,FUT,Anubis,3,0,2.77,1.45,-43,-228,0.55,0.571,2.772588722239781,2.772588722239781,0.5,0.125,0.25,0.031999,0.0287999,0.54,0.6,0.416,2,0,0.0
2026-03-02,FUT,PassionUA,Anubis,3,0,1.45,2.77,43,228,0.571,0.55,2.772588722239781,2.772588722239781,0.125,0.5,0.25,-0.031999,-0.0287999,0.6,0.54,0.5840000000000001,0,2,1.0
2026-03-02,PassionUA,FUT,Mirage,3,0,2.77,1.45,-43,-228,0.55,0.571,2.772588722239781,2.772588722239781,0.333,0.94,0.25,0.031999,0.0287999,0.54,0.6,0.416,2,0,1.0
2026-03-02,FUT,PassionUA,Mirage,3,0,1.45,2.77,43,228,0.571,0.55,2.772588722239781,2.772588722239781,0.94,0.333,0.25,-0.031999,-0.0287999,0.6,0.54,0.5840000000000001,0,2,0.0
2026-03-02,PassionUA,FUT,Dust2,3,0,2.77,1.45,-43,-228,0.55,0.571,2.772588722239781,2.772588722239781,0.67,0.29,0.25,0.031999,0.0287999,0.54,0.6,0.416,2,0,0.0
2026-03-02,FUT,PassionUA,Dust2,3,0,1.45,2.77,43,228,0.571,0.55,2.772588722239781,2.772588722239781,0.29,0.67,0.25,-0.031999,-0.0287999,0.6,0.54,0.5840000000000001,0,2,1.0
2026-03-02,NinjasinPyjamas,M80,Anubis,3,0,1.86,1.96,4,3,0.588,0.684,2.772588722239781,2.772588722239781,0.5,0.667,0.5,-0.047999,-0.035999,0.53,0.66,0.538,1,0,0.0
2026-03-02,M80,NinjasinPyjamas,Anubis,3,0,1.96,1.86,-4,-3,0.684,0.588,2.772588722239781,2.772588722239781,0.667,0.5,0.5,0.047999,0.035999,0.66,0.53,0.4619999999999999,0,1,1.0
2026-03-02,NinjasinPyjamas,M80,Ancient,3,0,1.86,1.96,4,3,0.588,0.684,2.772588722239781,2.772588722239781,0.6,0.71,0.5,-0.047999,-0.035999,0.53,0.66,0.538,1,0,1.0
2026-03-02,M80,NinjasinPyjamas,Ancient,3,0,1.96,1.86,-4,-3,0.684,0.588,2.772588722239781,2.772588722239781,0.71,0.6,0.5,0.047999,0.035999,0.66,0.53,0.4619999999999999,0,1,0.0
2026-03-02,NinjasinPyjamas,M80,Dust2,3,0,1.86,1.96,4,3,0.588,0.684,2.772588722239781,2.772588722239781,0.6,0.83,0.5,-0.047999,-0.035999,0.53,0.66,0.538,1,0,0.0
2026-03-02,M80,NinjasinPyjamas,Dust2,3,0,1.96,1.86,-4,-3,0.684,0.588,2.772588722239781,2.772588722239781,0.83,0.6,0.5,0.047999,0.035999,0.66,0.53,0.4619999999999999,0,1,1.0
2026-03-02,G2,Legacy,Inferno,3,0,1.32,3.42,187,222,0.529,0.429,2.772588722239781,2.772588722239781,0.43,0.75,0.75,-0.038,0.1352999,0.54,0.47,0.814,0,1,0.0
2026-03-02,Legacy,G2,Inferno,3,0,3.42,1.32,-187,-222,0.429,0.529,2.772588722239781,2.772588722239781,0.75,0.43,0.75,0.038,-0.1352999,0.47,0.54,0.186,1,0,1.0
2026-03-02,G2,Legacy,Mirage,3,0,1.32,3.42,187,222,0.529,0.429,2.772588722239781,2.772588722239781,0.75,0.5,0.75,-0.038,0.1352999,0.54,0.47,0.814,0,1,0.0
2026-03-02,Legacy,G2,Mirage,3,0,3.42,1.32,-187,-222,0.429,0.529,2.772588722239781,2.772588722239781,0.5,0.75,0.75,0.038,-0.1352999,0.47,0.54,0.186,1,0,1.0
2026-03-02,Liquid,GaiminGladiators,Dust2,3,0,1.23,4.2,84,271,0.364,0.5,2.772588722239781,2.772588722239781,0.25,0.67,0.5,-0.032,0.2903999,0.5,0.53,0.538,0,2,0.0
2026-03-02,GaiminGladiators,Liquid,Dust2,3,0,4.2,1.23,-84,-271,0.5,0.364,2.772588722239781,2.772588722239781,0.67,0.25,0.5,0.032,-0.2903999,0.53,0.5,0.4619999999999999,2,0,1.0
2026-03-02,Liquid,GaiminGladiators,Nuke,3,0,1.23,4.2,84,271,0.364,0.5,2.772588722239781,2.772588722239781,0.57,0.5,0.5,-0.032,0.2903999,0.5,0.53,0.538,0,2,1.0
2026-03-02,GaiminGladiators,Liquid,Nuke,3,0,4.2,1.23,-84,-271,0.5,0.364,2.772588722239781,2.772588722239781,0.5,0.57,0.5,0.032,-0.2903999,0.53,0.5,0.4619999999999999,2,0,0.0
2026-03-02,Liquid,GaiminGladiators,Ancient,3,0,1.23,4.2,84,271,0.364,0.5,2.772588722239781,2.772588722239781,0.5,0.75,0.5,-0.032,0.2903999,0.5,0.53,0.538,0,2,0.0
2026-03-02,GaiminGladiators,Liquid,Ancient,3,0,4.2,1.23,-84,-271,0.5,0.364,2.772588722239781,2.772588722239781,0.75,0.5,0.5,0.032,-0.2903999,0.53,0.5,0.4619999999999999,2,0,1.0
2026-03-03,FUT,Astralis,Overpass,3,0,1.53,2.52,-56,-64,0.591,0.562,2.772588722239781,2.772588722239781,0.5,0.75,0.571428,0.046,0.0414,0.61,0.51,0.703,0,2,1.0
2026-03-03,Astralis,FUT,Overpass,3,0,2.52,1.53,56,64,0.562,0.591,2.772588722239781,2.772588722239781,0.75,0.5,0.571428,-0.046,-0.0414,0.51,0.61,0.297,2,0,0.0
2026-03-03,FUT,Astralis,Mirage,3,0,1.53,2.52,-56,-64,0.591,0.562,2.772588722239781,2.772588722239781,0.8,0.165,0.571428,0.046,0.0414,0.61,0.51,0.703,0,2,1.0
2026-03-03,Astralis,FUT,Mirage,3,0,2.52,1.53,56,64,0.562,0.591,2.772588722239781,2.772588722239781,0.165,0.8,0.571428,-0.046,-0.0414,0.51,0.61,0.297,2,0,0.0
2026-03-03,HEROIC,Monte,Dust2,3,0,1.71,2.16,34,40,0.562,0.727,2.772588722239781,2.772588722239781,0.57,0.86,0.5,-0.07999,0.0882,0.51,0.58,0.472,0,1,0.0
2026-03-03,Monte,HEROIC,Dust2,3,0,2.16,1.71,-34,-40,0.727,0.562,2.772588722239781,2.772588722239781,0.86,0.57,0.5,0.07999,-0.0882,0.58,0.51,0.528,1,0,1.0
2026-03-03,HEROIC,Monte,Nuke,3,0,1.71,2.16,34,40,0.562,0.727,2.772588722239781,2.772588722239781,0.73,0.38,0.5,-0.07999,0.0882,0.51,0.58,0.472,0,1,0.0
2026-03-03,Monte,HEROIC,Nuke,3,0,2.16,1.71,-34,-40,0.727,0.562,2.772588722239781,2.772588722239781,0.38,0.73,0.5,0.07999,-0.0882,0.58,0.51,0.528,1,0,1.0
2026-03-03,PARIVISION,Legacy,Inferno,3,0,1.25,3.98,379,481,0.636,0.5,2.772588722239781,2.772588722239781,0.7,0.8,0.6,-0.044,0.2394999,0.63,0.53,0.707,0,1,0.0
2026-03-03,Legacy,PARIVISION,Inferno,3,0,3.98,1.25,-379,-481,0.5,0.636,2.772588722239781,2.772588722239781,0.8,0.7,0.6,0.044,-0.2394999,0.53,0.63,0.293,1,0,1.0
2026-03-03,PARIVISION,Legacy,Dust2,3,0,1.25,3.98,379,481,0.636,0.5,2.772588722239781,2.772588722239781,0.75,0.67,0.6,-0.044,0.2394999,0.63,0.53,0.707,0,1,0.0
2026-03-03,Legacy,PARIVISION,Dust2,3,0,3.98,1.25,-379,-481,0.5,0.636,2.772588722239781,2.772588722239781,0.67,0.75,0.6,0.044,-0.2394999,0.53,0.63,0.293,1,0,1.0
2026-03-03,Liquid,SemperFi,Dust2,3,0,1.08,8.07,78,475,0.273,0.316,2.772588722239781,2.772588722239781,0.25,0.14,0.5,-0.106,0.358999,0.5,0.316,0.364,0,0,1.0
2026-03-03,SemperFi,Liquid,Dust2,3,0,8.07,1.08,-78,-475,0.316,0.273,2.772588722239781,2.772588722239781,0.14,0.25,0.5,0.106,-0.358999,0.316,0.5,0.636,0,0,0.0
2026-03-03,Liquid,SemperFi,Mirage,3,0,1.08,8.07,78,475,0.273,0.316,2.772588722239781,2.772588722239781,0.4,0.29,0.5,-0.106,0.358999,0.5,0.316,0.364,0,0,0.0
2026-03-03,SemperFi,Liquid,Mirage,3,0,8.07,1.08,-78,-475,0.316,0.273,2.772588722239781,2.772588722239781,0.29,0.4,0.5,0.106,-0.358999,0.316,0.5,0.636,0,0,1.0
2026-03-03,Liquid,SemperFi,Inferno,3,0,1.08,8.07,78,475,0.273,0.316,2.772588722239781,2.772588722239781,0.333,0.5,0.5,-0.106,0.358999,0.5,0.316,0.364,0,0,1.0
2026-03-03,SemperFi,Liquid,Inferno,3,0,8.07,1.08,-78,-475,0.316,0.273,2.772588722239781,2.772588722239781,0.5,0.333,0.5,0.106,-0.358999,0.316,0.5,0.636,0,0,0.0
2026-03-03,3DMAX,GaiminGladiators,Nuke,3,0,1.46,2.73,74,221,0.312,0.545,2.772588722239781,2.772588722239781,0.27,0.4,0.5,-0.01999,0.3036,0.6,0.53,0.554,1,2,1.0
2026-03-03,GaiminGladiators,3DMAX,Nuke,3,0,2.73,1.46,-74,-221,0.545,0.312,2.772588722239781,2.772588722239781,0.4,0.27,0.5,0.01999,-0.3036,0.53,0.6,0.4459999999999999,2,1,0.0
2026-03-03,3DMAX,GaiminGladiators,Dust2,3,0,1.46,2.73,74,221,0.312,0.545,2.772588722239781,2.772588722239781,0.35,0.667,0.5,-0.01999,0.3036,0.6,0.53,0.554,1,2,1.0
2026-03-03,GaiminGladiators,3DMAX,Dust2,3,0,2.73,1.46,-74,-221,0.545,0.312,2.772588722239781,2.772588722239781,0.667,0.35,0.5,0.01999,-0.3036,0.53,0.6,0.4459999999999999,2,1,0.0
2026-03-03,paiN,PassionUA,Inferno,3,0,2.3,1.63,30,24,0.286,0.5,2.772588722239781,2.772588722239781,0.5,0.667,0.75,-0.072,0.1026,0.61,0.54,0.176,2,2,1.0
2026-03-03,PassionUA,paiN,Inferno,3,0,1.63,2.3,-30,-24,0.5,0.286,2.772588722239781,2.772588722239781,0.667,0.5,0.75,0.072,-0.1026,0.54,0.61,0.8240000000000001,2,2,0.0
2026-03-03,paiN,PassionUA,Overpass,3,0,2.3,1.63,30,24,0.286,0.5,2.772588722239781,2.772588722239781,0.25,0.75,0.75,-0.072,0.1026,0.61,0.54,0.176,2,2,0.0
2026-03-03,PassionUA,paiN,Overpass,3,0,1.63,2.3,-30,-24,0.5,0.286,2.772588722239781,2.772588722239781,0.75,0.25,0.75,0.072,-0.1026,0.54,0.61,0.8240000000000001,2,2,1.0
2026-03-03,paiN,PassionUA,Mirage,3,0,2.3,1.63,30,24,0.286,0.5,2.772588722239781,2.772588722239781,0.4,0.4,0.75,-0.072,0.1026,0.61,0.54,0.176,2,2,1.0
2026-03-03,PassionUA,paiN,Mirage,3,0,1.63,2.3,-30,-24,0.5,0.286,2.772588722239781,2.772588722239781,0.4,0.4,0.75,0.072,-0.1026,0.54,0.61,0.8240000000000001,2,2,0.0
2026-03-03,G2,M80,Overpass,3,0,1.39,3.01,194,223,0.5,0.737,2.772588722239781,2.772588722239781,0.3,0.5,0.75,-0.023999,0.2545,0.53,0.66,0.593,0,0,1.0
2026-03-03,M80,G2,Overpass,3,0,3.01,1.39,-194,-223,0.737,0.5,2.772588722239781,2.772588722239781,0.5,0.3,0.75,0.023999,-0.2545,0.66,0.53,0.407,0,0,0.0
2026-03-03,G2,M80,Mirage,3,0,1.39,3.01,194,223,0.5,0.737,2.772588722239781,2.772588722239781,0.75,0.6,0.75,-0.023999,0.2545,0.53,0.66,0.593,0,0,0.0
2026-03-03,M80,G2,Mirage,3,0,3.01,1.39,-194,-223,0.737,0.5,2.772588722239781,2.772588722239781,0.6,0.75,0.75,0.023999,-0.2545,0.66,0.53,0.407,0,0,1.0
2026-03-03,G2,M80,Dust2,3,0,1.39,3.01,194,223,0.5,0.737,2.772588722239781,2.772588722239781,0.4,0.8,0.75,-0.023999,0.2545,0.53,0.66,0.593,0,0,1.0
2026-03-03,M80,G2,Dust2,3,0,3.01,1.39,-194,-223,0.737,0.5,2.772588722239781,2.772588722239781,0.8,0.4,0.75,0.023999,-0.2545,0.66,0.53,0.407,0,0,0.0
2026-03-03,NinjasinPyjamas,NRG,Mirage,3,0,1.71,2.16,-14,-91,0.588,0.722,2.772588722239781,2.772588722239781,0.4,0.667,0.5,-0.01,-0.0075,0.52,0.66,0.592,1,1,1.0
2026-03-03,NRG,NinjasinPyjamas,Mirage,3,0,2.16,1.71,14,91,0.722,0.588,2.772588722239781,2.772588722239781,0.667,0.4,0.5,0.01,0.0075,0.66,0.52,0.408,1,1,0.0
2026-03-03,NinjasinPyjamas,NRG,Ancient,3,0,1.71,2.16,-14,-91,0.588,0.722,2.772588722239781,2.772588722239781,0.7,0.8,0.5,-0.01,-0.0075,0.52,0.66,0.592,1,1,0.0
2026-03-03,NRG,NinjasinPyjamas,Ancient,3,0,2.16,1.71,14,91,0.722,0.588,2.772588722239781,2.772588722239781,0.8,0.7,0.5,0.01,0.0075,0.66,0.52,0.408,1,1,1.0
2026-03-03,NinjasinPyjamas,NRG,Anubis,3,0,1.71,2.16,-14,-91,0.588,0.722,2.772588722239781,2.772588722239781,0.333,0.333,0.5,-0.01,-0.0075,0.52,0.66,0.592,1,1,1.0
2026-03-03,NRG,NinjasinPyjamas,Anubis,3,0,2.16,1.71,14,91,0.722,0.588,2.772588722239781,2.772588722239781,0.333,0.333,0.5,0.01,0.0075,0.66,0.52,0.408,1,1,0.0
2026-03-04,PARIVISION,Monte,Mirage,3,0,1.28,3.7,373,379,0.609,0.75,2.772588722239781,2.772588722239781,0.55,0.71,0.5,0.011999,0.1197999,0.62,0.58,0.761,0,1,0.0
2026-03-04,Monte,PARIVISION,Mirage,3,0,3.7,1.28,-373,-379,0.75,0.609,2.772588722239781,2.772588722239781,0.71,0.55,0.5,-0.011999,-0.1197999,0.58,0.62,0.239,1,0,1.0
2026-03-04,PARIVISION,Monte,Dust2,3,0,1.28,3.7,373,379,0.609,0.75,2.772588722239781,2.772588722239781,0.71,0.86,0.5,0.011999,0.1197999,0.62,0.58,0.761,0,1,1.0
2026-03-04,Monte,PARIVISION,Dust2,3,0,3.7,1.28,-373,-379,0.75,0.609,2.772588722239781,2.772588722239781,0.86,0.71,0.5,-0.011999,-0.1197999,0.58,0.62,0.239,1,0,0.0
2026-03-04,PARIVISION,Monte,Inferno,3,0,1.28,3.7,373,379,0.609,0.75,2.772588722239781,2.772588722239781,0.64,0.5,0.5,0.011999,0.1197999,0.62,0.58,0.761,0,1,0.0
2026-03-04,Monte,PARIVISION,Inferno,3,0,3.7,1.28,-373,-379,0.75,0.609,2.772588722239781,2.772588722239781,0.5,0.64,0.5,-0.011999,-0.1197999,0.58,0.62,0.239,1,0,1.0
2026-03-04,3DMAX,Astralis,Dust2,3,0,2.56,1.52,-80,-48,0.353,0.529,2.772588722239781,2.772588722239781,0.45,0.29,0.1667,0.023999,0.0215999,0.71,0.51,0.289,1,2,0.0
2026-03-04,Astralis,3DMAX,Dust2,3,0,1.52,2.56,80,48,0.529,0.353,2.772588722239781,2.772588722239781,0.29,0.45,0.1667,-0.023999,-0.0215999,0.51,0.71,0.7110000000000001,2,1,1.0
2026-03-04,3DMAX,Astralis,Overpass,3,0,2.56,1.52,-80,-48,0.353,0.529,2.772588722239781,2.772588722239781,0.5,0.69,0.1667,0.023999,0.0215999,0.71,0.51,0.289,1,2,0.0
2026-03-04,Astralis,3DMAX,Overpass,3,0,1.52,2.56,80,48,0.529,0.353,2.772588722239781,2.772588722239781,0.69,0.5,0.1667,-0.023999,-0.0215999,0.51,0.71,0.7110000000000001,2,1,1.0
2026-03-04,NinjasinPyjamas,GaiminGladiators,Dust2,3,0,1.3,3.59,30,182,0.611,0.5,2.772588722239781,2.772588722239781,0.5,0.62,0.5,0.002,0.1611,0.53,0.52,0.707,1,2,1.0
2026-03-04,GaiminGladiators,NinjasinPyjamas,Dust2,3,0,3.59,1.3,-30,-182,0.5,0.611,2.772588722239781,2.772588722239781,0.62,0.5,0.5,-0.002,-0.1611,0.52,0.53,0.293,2,1,0.0
2026-03-04,NinjasinPyjamas,GaiminGladiators,Nuke,3,0,1.3,3.59,30,182,0.611,0.5,2.772588722239781,2.772588722239781,0.64,0.333,0.5,0.002,0.1611,0.53,0.52,0.707,1,2,1.0
2026-03-04,GaiminGladiators,NinjasinPyjamas,Nuke,3,0,3.59,1.3,-30,-182,0.5,0.611,2.772588722239781,2.772588722239781,0.333,0.64,0.5,-0.002,-0.1611,0.52,0.53,0.293,2,1,0.0
2026-03-04,HEROIC,PassionUA,Overpass,3,0,1.99,1.82,25,176,0.529,0.476,2.772588722239781,2.772588722239781,0.2,0.82,0.5,-0.046,0.1208999,0.5,0.54,0.243,1,2,1.0
2026-03-04,PassionUA,HEROIC,Overpass,3,0,1.82,1.99,-25,-176,0.476,0.529,2.772588722239781,2.772588722239781,0.82,0.2,0.5,0.046,-0.1208999,0.54,0.5,0.757,2,1,0.0
2026-03-04,HEROIC,PassionUA,Nuke,3,0,1.99,1.82,25,176,0.529,0.476,2.772588722239781,2.772588722239781,0.73,0.43,0.5,-0.046,0.1208999,0.5,0.54,0.243,1,2,1.0
2026-03-04,PassionUA,HEROIC,Nuke,3,0,1.82,1.99,-25,-176,0.476,0.529,2.772588722239781,2.772588722239781,0.43,0.73,0.5,0.046,-0.1208999,0.54,0.5,0.757,2,1,0.0
2026-03-04,Liquid,M80,Anubis,3,0,1.9,1.9,45,18,0.333,0.7,2.772588722239781,2.772588722239781,0.333,0.75,0.5,-0.078,0.0966,0.5,0.66,0.276,0,0,1.0
2026-03-04,M80,Liquid,Anubis,3,0,1.9,1.9,-45,-18,0.7,0.333,2.772588722239781,2.772588722239781,0.75,0.333,0.5,0.078,-0.0966,0.66,0.5,0.724,0,0,0.0
2026-03-04,Liquid,M80,Inferno,3,0,1.9,1.9,45,18,0.333,0.7,2.772588722239781,2.772588722239781,0.5,0.43,0.5,-0.078,0.0966,0.5,0.66,0.276,0,0,0.0
2026-03-04,M80,Liquid,Inferno,3,0,1.9,1.9,-45,-18,0.7,0.333,2.772588722239781,2.772588722239781,0.43,0.5,0.5,0.078,-0.0966,0.66,0.5,0.724,0,0,1.0
2026-03-04,Liquid,M80,Mirage,3,0,1.9,1.9,45,18,0.333,0.7,2.772588722239781,2.772588722239781,0.333,0.69,0.5,-0.078,0.0966,0.5,0.66,0.276,0,0,1.0
2026-03-04,M80,Liquid,Mirage,3,0,1.9,1.9,-45,-18,0.7,0.333,2.772588722239781,2.772588722239781,0.69,0.333,0.5,0.078,-0.0966,0.66,0.5,0.724,0,0,0.0
2026-03-04,G2,paiN,Inferno,3,0,1.34,3.28,155,230,0.526,0.333,2.772588722239781,2.772588722239781,0.38,0.67,0.875,0.042,0.147,0.53,0.61,0.754,0,2,0.0
2026-03-04,paiN,G2,Inferno,3,0,3.28,1.34,-155,-230,0.333,0.526,2.772588722239781,2.772588722239781,0.67,0.38,0.875,-0.042,-0.147,0.61,0.53,0.246,2,0,1.0
2026-03-04,G2,paiN,Mirage,3,0,1.34,3.28,155,230,0.526,0.333,2.772588722239781,2.772588722239781,0.67,0.38,0.875,0.042,0.147,0.53,0.61,0.754,0,2,0.0
2026-03-04,paiN,G2,Mirage,3,0,3.28,1.34,-155,-230,0.333,0.526,2.772588722239781,2.772588722239781,0.38,0.67,0.875,-0.042,-0.147,0.61,0.53,0.246,2,0,1.0
2026-03-05,PARIVISION,HEROIC,Inferno,3,0,1.39,3.01,339,345,0.636,0.556,2.772588722239781,2.772588722239781,0.58,0.6,0.6,0.056,0.1596,0.62,0.51,0.685,0,1,1.0
2026-03-05,HEROIC,PARIVISION,Inferno,3,0,3.01,1.39,-339,-345,0.556,0.636,2.772588722239781,2.772588722239781,0.6,0.58,0.6,-0.056,-0.1596,0.51,0.62,0.3149999999999999,1,0,0.0
2026-03-05,PARIVISION,HEROIC,Dust2,3,0,1.39,3.01,339,345,0.636,0.556,2.772588722239781,2.772588722239781,0.72,0.57,0.6,0.056,0.1596,0.62,0.51,0.685,0,1,1.0
2026-03-05,HEROIC,PARIVISION,Dust2,3,0,3.01,1.39,-339,-345,0.556,0.636,2.772588722239781,2.772588722239781,0.57,0.72,0.6,-0.056,-0.1596,0.51,0.62,0.3149999999999999,1,0,0.0
2026-03-05,G2,NinjasinPyjamas,Anubis,3,0,1.39,3.01,190,210,0.444,0.632,2.772588722239781,2.772588722239781,0.333,0.5,0.5,0.018,0.2855,0.52,0.53,0.591,0,1,1.0
2026-03-05,NinjasinPyjamas,G2,Anubis,3,0,3.01,1.39,-190,-210,0.632,0.444,2.772588722239781,2.772588722239781,0.5,0.333,0.5,-0.018,-0.2855,0.53,0.52,0.409,1,0,0.0
2026-03-05,G2,NinjasinPyjamas,Dust2,3,0,1.39,3.01,190,210,0.444,0.632,2.772588722239781,2.772588722239781,0.42,0.57,0.5,0.018,0.2855,0.52,0.53,0.591,0,1,1.0
2026-03-05,NinjasinPyjamas,G2,Dust2,3,0,3.01,1.39,-190,-210,0.632,0.444,2.772588722239781,2.772588722239781,0.57,0.42,0.5,-0.018,-0.2855,0.53,0.52,0.409,1,0,0.0
2026-03-05,3DMAX,Liquid,Nuke,3,0,2.21,1.68,3,10,0.375,0.455,2.772588722239781,2.772588722239781,0.43,0.5,0.57,0.012,0.0108,0.56,0.5,0.503,1,0,1.0
2026-03-05,Liquid,3DMAX,Nuke,3,0,1.68,2.21,-3,-10,0.455,0.375,2.772588722239781,2.772588722239781,0.5,0.43,0.57,-0.012,-0.0108,0.5,0.56,0.497,0,1,0.0
2026-03-05,3DMAX,Liquid,Dust2,3,0,2.21,1.68,3,10,0.375,0.455,2.772588722239781,2.772588722239781,0.42,0.25,0.5,0.012,0.0108,0.56,0.5,0.503,1,0,1.0
2026-03-05,Liquid,3DMAX,Dust2,3,0,1.68,2.21,-3,-10,0.455,0.375,2.772588722239781,2.772588722239781,0.25,0.42,0.5,-0.012,-0.0108,0.5,0.56,0.497,0,1,0.0
2026-03-06,FUT,Astralis,Ancient,3,0,1.48,2.66,-56,-30,0.591,0.556,2.772588722239781,2.772588722239781,0.7,0.8,0.75,0.053999,0.0485999,0.61,0.51,0.798,0,2,0.0
2026-03-06,Astralis,FUT,Ancient,3,0,2.66,1.48,56,30,0.556,0.591,2.772588722239781,2.772588722239781,0.8,0.7,0.75,-0.053999,-0.0485999,0.51,0.61,0.2019999999999999,2,0,1.0
2026-03-06,FUT,Astralis,Mirage,3,0,1.48,2.66,-56,-30,0.591,0.556,2.772588722239781,2.772588722239781,0.88,0.12,0.75,0.053999,0.0485999,0.61,0.51,0.798,0,2,0.0
2026-03-06,Astralis,FUT,Mirage,3,0,2.66,1.48,56,30,0.556,0.591,2.772588722239781,2.772588722239781,0.12,0.88,0.75,-0.053999,-0.0485999,0.51,0.61,0.2019999999999999,2,0,1.0
2026-03-06,NaVi,Monte,Dust2,3,0,1.37,3.12,210,173,0.429,0.769,2.772588722239781,2.772588722239781,0.4,0.75,0.4,-0.004,0.264,0.62,0.58,0.655,0,1,0.0
2026-03-06,Monte,NaVi,Dust2,3,0,3.12,1.37,-210,-173,0.769,0.429,2.772588722239781,2.772588722239781,0.75,0.4,0.4,0.004,-0.264,0.58,0.62,0.345,1,0,1.0
2026-03-06,NaVi,Monte,Inferno,3,0,1.37,3.12,210,173,0.429,0.769,2.772588722239781,2.772588722239781,0.38,0.667,0.4,-0.004,0.264,0.62,0.58,0.655,0,1,1.0
2026-03-06,Monte,NaVi,Inferno,3,0,3.12,1.37,-210,-173,0.769,0.429,2.772588722239781,2.772588722239781,0.667,0.38,0.4,0.004,-0.264,0.58,0.62,0.345,1,0,0.0
2026-03-06,NaVi,Monte,Mirage,3,0,1.37,3.12,210,173,0.429,0.769,2.772588722239781,2.772588722239781,0.22,0.75,0.4,-0.004,0.264,0.62,0.58,0.655,0,1,1.0
2026-03-06,Monte,NaVi,Mirage,3,0,3.12,1.37,-210,-173,0.769,0.429,2.772588722239781,2.772588722239781,0.75,0.22,0.4,0.004,-0.264,0.58,0.62,0.345,1,0,0.0
2026-03-06,Spirit,3DMAX,Nuke,3,0,1.1,7.0,247,392,0.7,0.375,2.772588722239781,2.772588722239781,0.67,0.5,0.75,0.075999,0.1835999,0.65,0.64,0.824,0,1,1.0
2026-03-06,3DMAX,Spirit,Nuke,3,0,7.0,1.1,-247,-392,0.375,0.7,2.772588722239781,2.772588722239781,0.5,0.67,0.75,-0.075999,-0.1835999,0.64,0.65,0.176,1,0,0.0
2026-03-06,Spirit,3DMAX,Overpass,3,0,1.1,7.0,247,392,0.7,0.375,2.772588722239781,2.772588722239781,0.67,0.333,0.75,0.075999,0.1835999,0.65,0.64,0.824,0,1,1.0
2026-03-06,3DMAX,Spirit,Overpass,3,0,7.0,1.1,-247,-392,0.375,0.7,2.772588722239781,2.772588722239781,0.333,0.67,0.75,-0.075999,-0.1835999,0.64,0.65,0.176,1,0,0.0
2026-03-06,Aurora,Legacy,Inferno,3,0,1.56,2.44,211,276,0.533,0.556,2.772588722239781,2.772588722239781,0.4,0.83,0.667,-0.084999,0.1965,0.54,0.57,0.645,0,1,1.0
2026-03-06,Legacy,Aurora,Inferno,3,0,2.44,1.56,-211,-276,0.556,0.533,2.772588722239781,2.772588722239781,0.83,0.4,0.667,0.084999,-0.1965,0.57,0.54,0.355,1,0,0.0
2026-03-06,Aurora,Legacy,Overpass,3,0,1.56,2.44,211,276,0.533,0.556,2.772588722239781,2.772588722239781,0.57,0.5,0.667,-0.084999,0.1965,0.54,0.57,0.645,0,1,0.0
2026-03-06,Legacy,Aurora,Overpass,3,0,2.44,1.56,-211,-276,0.556,0.533,2.772588722239781,2.772588722239781,0.5,0.57,0.667,0.084999,-0.1965,0.57,0.54,0.355,1,0,1.0
2026-03-06,Aurora,Legacy,Dust2,3,0,1.56,2.44,211,276,0.533,0.556,2.772588722239781,2.772588722239781,0.71,0.75,0.667,-0.084999,0.1965,0.54,0.57,0.645,0,1,1.0
2026-03-06,Legacy,Aurora,Dust2,3,0,2.44,1.56,-211,-276,0.556,0.533,2.772588722239781,2.772588722239781,0.75,0.71,0.667,0.084999,-0.1965,0.57,0.54,0.355,1,0,0.0
2026-03-06,G2,FaZe,Dust2,3,0,1.86,1.96,0,14,0.5,0.462,2.772588722239781,2.772588722239781,0.46,0.75,0.571428,0.024,0.1303999,0.53,0.56,0.403,0,0,1.0
2026-03-06,FaZe,G2,Dust2,3,0,1.96,1.86,0,-14,0.462,0.5,2.772588722239781,2.772588722239781,0.75,0.46,0.571428,-0.024,-0.1303999,0.56,0.53,0.597,0,0,0.0
2026-03-06,G2,FaZe,Ancient,3,0,1.86,1.96,0,14,0.5,0.462,2.772588722239781,2.772588722239781,0.67,0.43,0.571428,0.024,0.1303999,0.53,0.56,0.403,0,0,1.0
2026-03-06,FaZe,G2,Ancient,3,0,1.96,1.86,0,-14,0.462,0.5,2.772588722239781,2.772588722239781,0.43,0.67,0.571428,-0.024,-0.1303999,0.56,0.53,0.597,0,0,0.0
2026-03-06,TheMongolZ,paiN,Nuke,3,0,1.42,2.88,188,245,0.455,0.385,2.772588722239781,2.772588722239781,0.5,0.8,0.667,0.006,0.1113999,0.6,0.61,0.81,0,2,1.0
2026-03-06,paiN,TheMongolZ,Nuke,3,0,2.88,1.42,-188,-245,0.385,0.455,2.772588722239781,2.772588722239781,0.8,0.5,0.667,-0.006,-0.1113999,0.61,0.6,0.1899999999999999,2,0,0.0
2026-03-06,TheMongolZ,paiN,Mirage,3,0,1.42,2.88,188,245,0.455,0.385,2.772588722239781,2.772588722239781,0.56,0.44,0.667,0.006,0.1113999,0.6,0.61,0.81,0,2,1.0
2026-03-06,paiN,TheMongolZ,Mirage,3,0,2.88,1.42,-188,-245,0.385,0.455,2.772588722239781,2.772588722239781,0.44,0.56,0.667,-0.006,-0.1113999,0.61,0.6,0.1899999999999999,2,0,0.0
2026-03-06,MOUZ,HEROIC,Dust2,3,0,1.25,3.98,391,375,0.625,0.579,2.772588722239781,2.772588722239781,0.333,0.62,0.5,0.05,0.1543999,0.59,0.52,0.635,0,1,0.0
2026-03-06,HEROIC,MOUZ,Dust2,3,0,3.98,1.25,-391,-375,0.579,0.625,2.772588722239781,2.772588722239781,0.62,0.333,0.5,-0.05,-0.1543999,0.52,0.59,0.365,1,0,1.0
2026-03-06,MOUZ,HEROIC,Mirage,3,0,1.25,3.98,391,375,0.625,0.579,2.772588722239781,2.772588722239781,0.71,0.6,0.5,0.05,0.1543999,0.59,0.52,0.635,0,1,1.0
2026-03-06,HEROIC,MOUZ,Mirage,3,0,3.98,1.25,-391,-375,0.579,0.625,2.772588722239781,2.772588722239781,0.6,0.71,0.5,-0.05,-0.1543999,0.52,0.59,0.365,1,0,0.0
2026-03-06,MOUZ,HEROIC,Inferno,3,0,1.25,3.98,391,375,0.625,0.579,2.772588722239781,2.772588722239781,0.64,0.67,0.5,0.05,0.1543999,0.59,0.52,0.635,0,1,1.0
2026-03-06,HEROIC,MOUZ,Inferno,3,0,3.98,1.25,-391,-375,0.579,0.625,2.772588722239781,2.772588722239781,0.67,0.64,0.5,-0.05,-0.1543999,0.52,0.59,0.365,1,0,0.0
2026-03-06,FURIA,B8,Mirage,3,0,1.18,4.95,585,492,0.647,0.25,2.772588722239781,2.772588722239781,0.53,0.2,0.778,0.076,0.1794,0.58,0.55,0.635,0,1,0.0
2026-03-06,B8,FURIA,Mirage,3,0,4.95,1.18,-585,-492,0.25,0.647,2.772588722239781,2.772588722239781,0.2,0.53,0.778,-0.076,-0.1794,0.55,0.58,0.365,1,0,1.0
2026-03-06,FURIA,B8,Overpass,3,0,1.18,4.95,585,492,0.647,0.25,2.772588722239781,2.772588722239781,0.25,0.333,0.778,0.076,0.1794,0.58,0.55,0.635,0,1,1.0
2026-03-06,B8,FURIA,Overpass,3,0,4.95,1.18,-585,-492,0.25,0.647,2.772588722239781,2.772588722239781,0.333,0.25,0.778,-0.076,-0.1794,0.55,0.58,0.365,1,0,0.0
2026-03-06,FURIA,B8,Dust2,3,0,1.18,4.95,585,492,0.647,0.25,2.772588722239781,2.772588722239781,0.75,0.67,0.778,0.076,0.1794,0.58,0.55,0.635,0,1,0.0
2026-03-06,B8,FURIA,Dust2,3,0,4.95,1.18,-585,-492,0.25,0.647,2.772588722239781,2.772588722239781,0.67,0.75,0.778,-0.076,-0.1794,0.55,0.58,0.365,1,0,1.0
2026-03-07,TheMongolZ,Aurora,Dust2,3,0,1.86,1.96,22,-90,0.455,0.562,2.772588722239781,2.772588722239781,0.17,0.75,0.678571428,0.018,0.018,0.6,0.54,0.512,0,0,1.0
2026-03-07,Aurora,TheMongolZ,Dust2,3,0,1.96,1.86,-22,90,0.562,0.455,2.772588722239781,2.772588722239781,0.75,0.17,0.678571428,-0.018,-0.018,0.54,0.6,0.488,0,0,0.0
2026-03-07,TheMongolZ,Aurora,Mirage,3,0,1.86,1.96,22,-90,0.455,0.562,2.772588722239781,2.772588722239781,0.6,0.44,0.678571428,0.018,0.018,0.6,0.54,0.512,0,0,1.0
2026-03-07,Aurora,TheMongolZ,Mirage,3,0,1.96,1.86,-22,90,0.562,0.455,2.772588722239781,2.772588722239781,0.44,0.6,0.678571428,-0.018,-0.018,0.54,0.6,0.488,0,0,0.0
2026-03-07,FaZe,paiN,Nuke,3,0,1.8,2.0,155,167,0.385,0.385,2.772588722239781,2.772588722239781,0.6,0.67,0.642857142,0.004,0.0036,0.56,0.61,0.496,0,2,0.0
2026-03-07,paiN,FaZe,Nuke,3,0,2.0,1.8,-155,-167,0.385,0.385,2.772588722239781,2.772588722239781,0.67,0.6,0.642857142,-0.004,-0.0036,0.61,0.56,0.504,2,0,1.0
2026-03-07,FaZe,paiN,Dust2,3,0,1.8,2.0,155,167,0.385,0.385,2.772588722239781,2.772588722239781,0.5,0.17,0.642857142,0.004,0.0036,0.56,0.61,0.496,0,2,1.0
2026-03-07,paiN,FaZe,Dust2,3,0,2.0,1.8,-155,-167,0.385,0.385,2.772588722239781,2.772588722239781,0.17,0.5,0.642857142,-0.004,-0.0036,0.61,0.56,0.504,2,0,0.0
2026-03-07,FaZe,paiN,Mirage,3,0,1.8,2.0,155,167,0.385,0.385,2.772588722239781,2.772588722239781,0.4,0.4,0.642857142,0.004,0.0036,0.56,0.61,0.496,0,2,0.0
2026-03-07,paiN,FaZe,Mirage,3,0,2.0,1.8,-155,-167,0.385,0.385,2.772588722239781,2.772588722239781,0.4,0.4,0.642857142,-0.004,-0.0036,0.61,0.56,0.504,2,0,1.0
2026-03-07,NaVi,G2,Dust2,3,0,1.77,2.06,-85,118,0.5,0.556,2.772588722239781,2.772588722239781,0.333,0.54,0.778,-0.023999,-0.023999,0.62,0.54,0.691,0,0,1.0
2026-03-07,G2,NaVi,Dust2,3,0,2.06,1.77,85,-118,0.556,0.5,2.772588722239781,2.772588722239781,0.54,0.333,0.778,0.023999,0.023999,0.54,0.62,0.309,0,0,0.0
2026-03-07,NaVi,G2,Mirage,3,0,1.77,2.06,-85,118,0.5,0.556,2.772588722239781,2.772588722239781,0.3,0.56,0.778,-0.023999,-0.023999,0.62,0.54,0.691,0,0,0.0
2026-03-07,G2,NaVi,Mirage,3,0,2.06,1.77,85,-118,0.556,0.5,2.772588722239781,2.772588722239781,0.56,0.3,0.778,0.023999,0.023999,0.54,0.62,0.309,0,0,1.0
2026-03-07,NaVi,G2,Ancient,3,0,1.77,2.06,-85,118,0.5,0.556,2.772588722239781,2.772588722239781,0.857142,0.83,0.778,-0.023999,-0.023999,0.62,0.54,0.691,0,0,0.0
2026-03-07,G2,NaVi,Ancient,3,0,2.06,1.77,85,-118,0.556,0.5,2.772588722239781,2.772588722239781,0.83,0.857142,0.778,0.023999,0.023999,0.54,0.62,0.309,0,0,1.0
2026-03-07,Legacy,Monte,Dust2,3,0,1.8,2.02,-6,-81,0.5,0.714,2.772588722239781,2.772588722239781,0.6,0.78,0.5,0.042,0.0315,0.54,0.58,0.523,1,1,1.0
2026-03-07,Monte,Legacy,Dust2,3,0,2.02,1.8,6,81,0.714,0.5,2.772588722239781,2.772588722239781,0.78,0.6,0.5,-0.042,-0.0315,0.58,0.54,0.477,1,1,0.0
2026-03-07,Legacy,Monte,Ancient,3,0,1.8,2.02,-6,-81,0.5,0.714,2.772588722239781,2.772588722239781,0.333,0.5,0.5,0.042,0.0315,0.54,0.58,0.523,1,1,1.0
2026-03-07,Monte,Legacy,Ancient,3,0,2.02,1.8,6,81,0.714,0.5,2.772588722239781,2.772588722239781,0.5,0.333,0.5,-0.042,-0.0315,0.58,0.54,0.477,1,1,0.0
2026-03-07,FUT,HEROIC,Nuke,3,0,1.58,2.39,-56,-60,0.565,0.55,2.772588722239781,2.772588722239781,0.75,0.75,0.25,0.044,0.0395999,0.6,0.52,0.781,0,0,1.0
2026-03-07,HEROIC,FUT,Nuke,3,0,2.39,1.58,56,60,0.55,0.565,2.772588722239781,2.772588722239781,0.75,0.75,0.25,-0.044,-0.0395999,0.52,0.6,0.2189999999999999,0,0,0.0
2026-03-07,FUT,HEROIC,Ancient,3,0,1.58,2.39,-56,-60,0.565,0.55,2.772588722239781,2.772588722239781,0.64,0.333,0.25,0.044,0.0395999,0.6,0.52,0.781,0,0,0.0
2026-03-07,HEROIC,FUT,Ancient,3,0,2.39,1.58,56,60,0.55,0.565,2.772588722239781,2.772588722239781,0.333,0.64,0.25,-0.044,-0.0395999,0.52,0.6,0.2189999999999999,0,0,1.0
2026-03-07,FUT,HEROIC,Mirage,3,0,1.58,2.39,-56,-60,0.565,0.55,2.772588722239781,2.772588722239781,0.83,0.5,0.25,0.044,0.0395999,0.6,0.52,0.781,0,0,1.0
2026-03-07,HEROIC,FUT,Mirage,3,0,2.39,1.58,56,60,0.55,0.565,2.772588722239781,2.772588722239781,0.5,0.83,0.25,-0.044,-0.0395999,0.52,0.6,0.2189999999999999,0,0,0.0
2026-03-07,MOUZ,Astralis,Ancient,3,0,1.42,2.88,297,274,0.625,0.579,2.772588722239781,2.772588722239781,0.5,0.83,0.75,0.05,0.1543999,0.59,0.52,0.518,0,2,0.0
2026-03-07,Astralis,MOUZ,Ancient,3,0,2.88,1.42,-297,-274,0.579,0.625,2.772588722239781,2.772588722239781,0.83,0.5,0.75,-0.05,-0.1543999,0.52,0.59,0.482,2,0,1.0
2026-03-07,MOUZ,Astralis,Mirage,3,0,1.42,2.88,297,274,0.625,0.579,2.772588722239781,2.772588722239781,0.86,0.22,0.75,0.05,0.1543999,0.59,0.52,0.518,0,2,1.0
2026-03-07,Astralis,MOUZ,Mirage,3,0,2.88,1.42,-297,-274,0.579,0.625,2.772588722239781,2.772588722239781,0.22,0.86,0.75,-0.05,-0.1543999,0.52,0.59,0.482,2,0,0.0
2026-03-07,MOUZ,Astralis,Overpass,3,0,1.42,2.88,297,274,0.625,0.579,2.772588722239781,2.772588722239781,0.8,0.71,0.75,0.05,0.1543999,0.59,0.52,0.518,0,2,1.0
2026-03-07,Astralis,MOUZ,Overpass,3,0,2.88,1.42,-297,-274,0.579,0.625,2.772588722239781,2.772588722239781,0.71,0.8,0.75,-0.05,-0.1543999,0.52,0.59,0.482,2,0,0.0
2026-03-07,FURIA,3DMAX,Dust2,3,0,1.25,3.98,560,479,0.611,0.375,2.772588722239781,2.772588722239781,0.67,0.55,0.75,0.048,0.1542,0.58,0.54,0.776,0,1,0.0
2026-03-07,3DMAX,FURIA,Dust2,3,0,3.98,1.25,-560,-479,0.375,0.611,2.772588722239781,2.772588722239781,0.55,0.67,0.75,-0.048,-0.1542,0.54,0.58,0.2239999999999999,1,0,1.0
2026-03-07,FURIA,3DMAX,Overpass,3,0,1.25,3.98,560,479,0.611,0.375,2.772588722239781,2.772588722239781,0.4,0.25,0.75,0.048,0.1542,0.58,0.54,0.776,0,1,0.0
2026-03-07,3DMAX,FURIA,Overpass,3,0,3.98,1.25,-560,-479,0.375,0.611,2.772588722239781,2.772588722239781,0.25,0.4,0.75,-0.048,-0.1542,0.54,0.58,0.2239999999999999,1,0,1.0
2026-03-07,Spirit,B8,Mirage,3,0,1.18,4.95,272,339,0.727,0.25,2.772588722239781,2.772588722239781,0.5,0.333,0.667,0.111999,0.371999,0.65,0.55,0.777,0,1,0.0
2026-03-07,B8,Spirit,Mirage,3,0,4.95,1.18,-272,-339,0.25,0.727,2.772588722239781,2.772588722239781,0.333,0.5,0.667,-0.111999,-0.371999,0.55,0.65,0.2229999999999999,1,0,1.0
2026-03-07,Spirit,B8,Nuke,3,0,1.18,4.95,272,339,0.727,0.25,2.772588722239781,2.772588722239781,0.75,0.5,0.667,0.111999,0.371999,0.65,0.55,0.777,0,1,1.0
2026-03-07,B8,Spirit,Nuke,3,0,4.95,1.18,-272,-339,0.25,0.727,2.772588722239781,2.772588722239781,0.5,0.75,0.667,-0.111999,-0.371999,0.55,0.65,0.2229999999999999,1,0,0.0
2026-03-07,Spirit,B8,Anubis,3,0,1.18,4.95,272,339,0.727,0.25,2.772588722239781,2.772588722239781,0.667,0.5,0.667,0.111999,0.371999,0.65,0.55,0.777,0,1,1.0
2026-03-07,B8,Spirit,Anubis,3,0,4.95,1.18,-272,-339,0.25,0.727,2.772588722239781,2.772588722239781,0.5,0.667,0.667,-0.111999,-0.371999,0.55,0.65,0.2229999999999999,1,0,0.0
2026-03-08,paiN,Aurora,Nuke,3,0,2.46,1.55,-156,-301,0.429,0.529,2.772588722239781,2.772588722239781,0.71,0.333,0.2142857,0.016,-0.0897999,0.61,0.54,0.185,2,1,0.0
2026-03-08,Aurora,paiN,Nuke,3,0,1.55,2.46,156,301,0.529,0.429,2.772588722239781,2.772588722239781,0.333,0.71,0.2142857,-0.016,0.0897999,0.54,0.61,0.815,1,2,1.0
2026-03-08,paiN,Aurora,Overpass,3,0,2.46,1.55,-156,-301,0.429,0.529,2.772588722239781,2.772588722239781,0.2,0.5,0.2142857,0.016,-0.0897999,0.61,0.54,0.185,2,1,0.0
2026-03-08,Aurora,paiN,Overpass,3,0,1.55,2.46,156,301,0.529,0.429,2.772588722239781,2.772588722239781,0.5,0.2,0.2142857,-0.016,0.0897999,0.54,0.61,0.815,1,2,1.0
2026-03-08,FaZe,Monte,Dust2,3,0,1.75,2.08,194,23,0.308,0.667,2.772588722239781,2.772588722239781,0.6,0.7,0.5,-0.005999,0.1542,0.56,0.57,0.386,0,1,1.0
2026-03-08,Monte,FaZe,Dust2,3,0,2.08,1.75,-194,-23,0.667,0.308,2.772588722239781,2.772588722239781,0.7,0.6,0.5,0.005999,-0.1542,0.57,0.56,0.614,1,0,0.0
2026-03-08,FaZe,Monte,Overpass,3,0,1.75,2.08,194,23,0.308,0.667,2.772588722239781,2.772588722239781,0.5,0.333,0.5,-0.005999,0.1542,0.56,0.57,0.386,0,1,1.0
2026-03-08,Monte,FaZe,Overpass,3,0,2.08,1.75,-194,-23,0.667,0.308,2.772588722239781,2.772588722239781,0.333,0.5,0.5,0.005999,-0.1542,0.57,0.56,0.614,1,0,0.0
2026-03-08,FUT,3DMAX,Dust2,3,0,1.44,2.81,24,151,0.565,0.412,2.772588722239781,2.772588722239781,0.38,0.58,0.4,0.018,0.0162,0.6,0.6,0.68,0,1,0.0
2026-03-08,3DMAX,FUT,Dust2,3,0,2.81,1.44,-24,-151,0.412,0.565,2.772588722239781,2.772588722239781,0.58,0.38,0.4,-0.018,-0.0162,0.6,0.6,0.3199999999999999,1,0,1.0
2026-03-08,FUT,3DMAX,Ancient,3,0,1.44,2.81,24,151,0.565,0.412,2.772588722239781,2.772588722239781,0.55,0.2,0.4,0.018,0.0162,0.6,0.6,0.68,0,1,0.0
2026-03-08,3DMAX,FUT,Ancient,3,0,2.81,1.44,-24,-151,0.412,0.565,2.772588722239781,2.772588722239781,0.2,0.55,0.4,-0.018,-0.0162,0.6,0.6,0.3199999999999999,1,0,1.0
2026-03-08,NaVi,B8,Mirage,3,0,1.44,2.81,187,240,0.429,0.25,2.772588722239781,2.772588722239781,0.27,0.43,0.8333,0.038,0.1412,0.62,0.55,0.689,0,1,1.0
2026-03-08,B8,NaVi,Mirage,3,0,2.81,1.44,-187,-240,0.25,0.429,2.772588722239781,2.772588722239781,0.43,0.27,0.8333,-0.038,-0.1412,0.55,0.62,0.311,1,0,0.0
2026-03-08,NaVi,B8,Inferno,3,0,1.44,2.81,187,240,0.429,0.25,2.772588722239781,2.772588722239781,0.5,0.2,0.8333,0.038,0.1412,0.62,0.55,0.689,0,1,1.0
2026-03-08,B8,NaVi,Inferno,3,0,2.81,1.44,-187,-240,0.25,0.429,2.772588722239781,2.772588722239781,0.2,0.5,0.8333,-0.038,-0.1412,0.55,0.62,0.311,1,0,0.0
2026-03-08,Legacy,Astralis,Dust2,3,0,2.06,1.77,-134,-172,0.545,0.55,2.772588722239781,2.772588722239781,0.667,0.38,0.444,0.07999,-0.0945,0.58,0.51,0.398,1,0,1.0
2026-03-08,Astralis,Legacy,Dust2,3,0,1.77,2.06,134,172,0.55,0.545,2.772588722239781,2.772588722239781,0.38,0.667,0.444,-0.07999,0.0945,0.51,0.58,0.602,0,1,0.0
2026-03-08,Legacy,Astralis,Ancient,3,0,2.06,1.77,-134,-172,0.545,0.55,2.772588722239781,2.772588722239781,0.5,0.86,0.444,0.07999,-0.0945,0.58,0.51,0.398,1,0,1.0
2026-03-08,Astralis,Legacy,Ancient,3,0,1.77,2.06,134,172,0.55,0.545,2.772588722239781,2.772588722239781,0.86,0.5,0.444,-0.07999,0.0945,0.51,0.58,0.602,0,1,0.0
2026-03-08,MOUZ,TheMongolZ,Ancient,3,0,1.52,2.56,198,247,0.647,0.5,2.772588722239781,2.772588722239781,0.84,0.5,0.8333,0.036,0.036,0.59,0.6,0.433,0,0,1.0
2026-03-08,TheMongolZ,MOUZ,Ancient,3,0,2.56,1.52,-198,-247,0.5,0.647,2.772588722239781,2.772588722239781,0.5,0.84,0.8333,-0.036,-0.036,0.6,0.59,0.567,0,0,0.0
2026-03-08,MOUZ,TheMongolZ,Overpass,3,0,1.52,2.56,198,247,0.647,0.5,2.772588722239781,2.772588722239781,0.84,0.5,0.8333,0.036,0.036,0.59,0.6,0.433,0,0,1.0
2026-03-08,TheMongolZ,MOUZ,Overpass,3,0,2.56,1.52,-198,-247,0.5,0.647,2.772588722239781,2.772588722239781,0.5,0.84,0.8333,-0.036,-0.036,0.6,0.59,0.567,0,0,0.0
2026-03-08,Spirit,G2,Ancient,3,0,1.42,2.88,101,182,0.75,0.611,2.772588722239781,2.772588722239781,0.5,0.83,0.615384,0.057999,0.057999,0.65,0.54,0.673,0,0,1.0
2026-03-08,G2,Spirit,Ancient,3,0,2.88,1.42,-101,-182,0.611,0.75,2.772588722239781,2.772588722239781,0.83,0.5,0.615384,-0.057999,-0.057999,0.54,0.65,0.3269999999999999,0,0,0.0
2026-03-08,Spirit,G2,Anubis,3,0,1.42,2.88,101,182,0.75,0.611,2.772588722239781,2.772588722239781,0.75,0.5,0.615384,0.057999,0.057999,0.65,0.54,0.673,0,0,1.0
2026-03-08,G2,Spirit,Anubis,3,0,2.88,1.42,-101,-182,0.611,0.75,2.772588722239781,2.772588722239781,0.5,0.75,0.615384,-0.057999,-0.057999,0.54,0.65,0.3269999999999999,0,0,0.0
2026-03-08,FURIA,HEROIC,Dust2,3,0,1.52,2.56,564,340,0.579,0.524,2.772588722239781,2.772588722239781,0.6,0.67,0.6,0.076,0.1794,0.58,0.51,0.48,0,0,1.0
2026-03-08,HEROIC,FURIA,Dust2,3,0,2.56,1.52,-564,-340,0.524,0.579,2.772588722239781,2.772588722239781,0.67,0.6,0.6,-0.076,-0.1794,0.51,0.58,0.52,0,0,0.0
2026-03-08,FURIA,HEROIC,Overpass,3,0,1.52,2.56,564,340,0.579,0.524,2.772588722239781,2.772588722239781,0.333,0.25,0.6,0.076,0.1794,0.58,0.51,0.48,0,0,0.0
2026-03-08,HEROIC,FURIA,Overpass,3,0,2.56,1.52,-564,-340,0.524,0.579,2.772588722239781,2.772588722239781,0.25,0.333,0.6,-0.076,-0.1794,0.51,0.58,0.52,0,0,1.0
2026-03-08,FURIA,HEROIC,Inferno,3,0,1.52,2.56,564,340,0.579,0.524,2.772588722239781,2.772588722239781,0.44,0.57,0.6,0.076,0.1794,0.58,0.51,0.48,0,0,1.0
2026-03-08,HEROIC,FURIA,Inferno,3,0,2.56,1.52,-564,-340,0.524,0.579,2.772588722239781,2.772588722239781,0.57,0.44,0.6,-0.076,-0.1794,0.51,0.58,0.52,0,0,0.0
2026-03-09,TheMongolZ,3DMAX,Dust2,3,0,1.53,2.52,179,194,0.462,0.444,2.772588722239781,2.772588722239781,0.29,0.62,0.56521,-0.012,0.0946,0.6,0.65,0.675,0,1,1.0
2026-03-09,3DMAX,TheMongolZ,Dust2,3,0,2.52,1.53,-179,-194,0.444,0.462,2.772588722239781,2.772588722239781,0.62,0.29,0.56521,0.012,-0.0946,0.65,0.6,0.3249999999999999,1,0,0.0
2026-03-09,TheMongolZ,3DMAX,Ancient,3,0,1.53,2.52,179,194,0.462,0.444,2.772588722239781,2.772588722239781,0.333,0.333,0.56521,-0.012,0.0946,0.6,0.65,0.675,0,1,0.0
2026-03-09,3DMAX,TheMongolZ,Ancient,3,0,2.52,1.53,-179,-194,0.444,0.462,2.772588722239781,2.772588722239781,0.333,0.333,0.56521,0.012,-0.0946,0.65,0.6,0.3249999999999999,1,0,1.0
2026-03-09,TheMongolZ,3DMAX,Inferno,3,0,1.53,2.52,179,194,0.462,0.444,2.772588722239781,2.772588722239781,0.2,0.333,0.56521,-0.012,0.0946,0.6,0.65,0.675,0,1,1.0
2026-03-09,3DMAX,TheMongolZ,Inferno,3,0,2.52,1.53,-179,-194,0.444,0.462,2.772588722239781,2.772588722239781,0.333,0.2,0.56521,0.012,-0.0946,0.65,0.6,0.3249999999999999,1,0,0.0
2026-03-09,FUT,B8,Dust2,3,0,1.53,2.52,49,130,0.522,0.222,2.772588722239781,2.772588722239781,0.33,0.67,0.25,0.058,0.0522,0.6,0.55,0.741,0,1,1.0
2026-03-09,B8,FUT,Dust2,3,0,2.52,1.53,-49,-130,0.222,0.522,2.772588722239781,2.772588722239781,0.67,0.33,0.25,-0.058,-0.0522,0.55,0.6,0.259,1,0,0.0
2026-03-09,FUT,B8,Anubis,3,0,1.53,2.52,49,130,0.522,0.222,2.772588722239781,2.772588722239781,0.14,0.333,0.25,0.058,0.0522,0.6,0.55,0.741,0,1,1.0
2026-03-09,B8,FUT,Anubis,3,0,2.52,1.53,-49,-130,0.222,0.522,2.772588722239781,2.772588722239781,0.333,0.14,0.25,-0.058,-0.0522,0.55,0.6,0.259,1,0,0.0
2026-03-09,NaVi,Legacy,Dust2,3,0,1.56,2.44,216,276,0.467,0.583,2.772588722239781,2.772588722239781,0.43,0.71,0.5,-0.044,0.2344999,0.62,0.61,0.738,0,1,0.0
2026-03-09,Legacy,NaVi,Dust2,3,0,2.44,1.56,-216,-276,0.583,0.467,2.772588722239781,2.772588722239781,0.71,0.43,0.5,0.044,-0.2344999,0.61,0.62,0.262,1,0,1.0
2026-03-09,NaVi,Legacy,Mirage,3,0,1.56,2.44,216,276,0.467,0.583,2.772588722239781,2.772588722239781,0.333,0.5,0.5,-0.044,0.2344999,0.62,0.61,0.738,0,1,0.0
2026-03-09,Legacy,NaVi,Mirage,3,0,2.44,1.56,-216,-276,0.583,0.467,2.772588722239781,2.772588722239781,0.5,0.333,0.5,0.044,-0.2344999,0.61,0.62,0.262,1,0,1.0
2026-03-09,Astralis,FaZe,Dust2,3,0,1.84,1.98,-66,68,0.524,0.357,2.772588722239781,2.772588722239781,0.333,0.667,0.5,-0.021999,-0.0197999,0.51,0.56,0.495,0,0,0.0
2026-03-09,FaZe,Astralis,Dust2,3,0,1.98,1.84,66,-68,0.357,0.524,2.772588722239781,2.772588722239781,0.667,0.333,0.5,0.021999,0.0197999,0.56,0.51,0.505,0,0,1.0
2026-03-09,Astralis,FaZe,Ancient,3,0,1.84,1.98,-66,68,0.524,0.357,2.772588722239781,2.772588722239781,0.75,0.38,0.5,-0.021999,-0.0197999,0.51,0.56,0.495,0,0,1.0
2026-03-09,FaZe,Astralis,Ancient,3,0,1.98,1.84,66,-68,0.357,0.524,2.772588722239781,2.772588722239781,0.38,0.75,0.5,0.021999,0.0197999,0.56,0.51,0.505,0,0,0.0
2026-03-09,Astralis,FaZe,Inferno,3,0,1.84,1.98,-66,68,0.524,0.357,2.772588722239781,2.772588722239781,0.5,0.29,0.5,-0.021999,-0.0197999,0.51,0.56,0.495,0,0,1.0
2026-03-09,FaZe,Astralis,Inferno,3,0,1.98,1.84,66,-68,0.357,0.524,2.772588722239781,2.772588722239781,0.29,0.5,0.5,0.021999,0.0197999,0.56,0.51,0.505,0,0,0.0
2026-03-09,FURIA,paiN,Inferno,3,0,1.37,3.11,569,452,0.6,0.4,2.772588722239781,2.772588722239781,0.5,0.75,0.625,0.054,0.1596,0.58,0.61,0.774,0,0,1.0
2026-03-09,paiN,FURIA,Inferno,3,0,3.11,1.37,-569,-452,0.4,0.6,2.772588722239781,2.772588722239781,0.75,0.5,0.625,-0.054,-0.1596,0.61,0.58,0.2259999999999999,0,0,0.0
2026-03-09,FURIA,paiN,Dust2,3,0,1.37,3.11,569,452,0.6,0.4,2.772588722239781,2.772588722239781,0.64,0.14,0.625,0.054,0.1596,0.58,0.61,0.774,0,0,1.0
2026-03-09,paiN,FURIA,Dust2,3,0,3.11,1.37,-569,-452,0.4,0.6,2.772588722239781,2.772588722239781,0.14,0.64,0.625,-0.054,-0.1596,0.61,0.58,0.2259999999999999,0,0,0.0
2026-03-09,G2,Aurora,Mirage,3,0,1.71,2.14,-9,-107,0.579,0.556,2.772588722239781,2.772588722239781,0.6,0.4,0.375,0.048,0.048,0.53,0.54,0.352,0,0,0.0
2026-03-09,Aurora,G2,Mirage,3,0,2.14,1.71,9,107,0.556,0.579,2.772588722239781,2.772588722239781,0.4,0.6,0.375,-0.048,-0.048,0.54,0.53,0.648,0,0,1.0
2026-03-09,G2,Aurora,Anubis,3,0,1.71,2.14,-9,-107,0.579,0.556,2.772588722239781,2.772588722239781,0.4,0.8,0.375,0.048,0.048,0.53,0.54,0.352,0,0,0.0
2026-03-09,Aurora,G2,Anubis,3,0,2.14,1.71,9,107,0.556,0.579,2.772588722239781,2.772588722239781,0.8,0.4,0.375,-0.048,-0.048,0.54,0.53,0.648,0,0,1.0
2026-03-10,NaVi,3DMAX,Dust2,3,0,1.53,2.52,151,214,0.438,0.421,2.772588722239781,2.772588722239781,0.38,0.57,0.444,-0.001999,0.1048,0.62,0.6,0.531,0,1,1.0
2026-03-10,3DMAX,NaVi,Dust2,3,0,2.52,1.53,-151,-214,0.421,0.438,2.772588722239781,2.772588722239781,0.57,0.38,0.444,0.001999,-0.1048,0.6,0.62,0.469,1,0,0.0
2026-03-10,NaVi,3DMAX,Inferno,3,0,1.53,2.52,151,214,0.438,0.421,2.772588722239781,2.772588722239781,0.56,0.29,0.444,-0.001999,0.1048,0.62,0.6,0.531,0,1,0.0
2026-03-10,3DMAX,NaVi,Inferno,3,0,2.52,1.53,-151,-214,0.421,0.438,2.772588722239781,2.772588722239781,0.29,0.56,0.444,0.001999,-0.1048,0.6,0.62,0.469,1,0,1.0
2026-03-10,NaVi,3DMAX,Ancient,3,0,1.53,2.52,151,214,0.438,0.421,2.772588722239781,2.772588722239781,0.8,0.5,0.444,-0.001999,0.1048,0.62,0.6,0.531,0,1,1.0
2026-03-10,3DMAX,NaVi,Ancient,3,0,2.52,1.53,-151,-214,0.421,0.438,2.772588722239781,2.772588722239781,0.5,0.8,0.444,0.001999,-0.1048,0.6,0.62,0.469,1,0,0.0
2026-03-10,G2,FUT,Mirage,3,0,1.88,1.92,102,17,0.55,0.552,2.772588722239781,2.772588722239781,0.55,0.81,0.6,0.004,0.0036,0.52,0.6,0.393,0,0,1.0
2026-03-10,FUT,G2,Mirage,3,0,1.92,1.88,-102,-17,0.552,0.55,2.772588722239781,2.772588722239781,0.81,0.55,0.6,-0.004,-0.0036,0.6,0.52,0.607,0,0,0.0
2026-03-10,G2,FUT,Dust2,3,0,1.88,1.92,102,17,0.55,0.552,2.772588722239781,2.772588722239781,0.54,0.4,0.6,0.004,0.0036,0.52,0.6,0.393,0,0,0.0
2026-03-10,FUT,G2,Dust2,3,0,1.92,1.88,-102,-17,0.552,0.55,2.772588722239781,2.772588722239781,0.4,0.54,0.6,-0.004,-0.0036,0.6,0.52,0.607,0,0,1.0
2026-03-10,G2,FUT,Overpass,3,0,1.88,1.92,102,17,0.55,0.552,2.772588722239781,2.772588722239781,0.5,0.5,0.6,0.004,0.0036,0.52,0.6,0.393,0,0,0.0
2026-03-10,FUT,G2,Overpass,3,0,1.92,1.88,-102,-17,0.552,0.55,2.772588722239781,2.772588722239781,0.5,0.5,0.6,-0.004,-0.0036,0.6,0.52,0.607,0,0,1.0
2026-03-10,FURIA,Astralis,Nuke,3,0,1.52,2.56,462,233,0.619,0.545,2.772588722239781,2.772588722239781,0.67,0.6,0.818181,0.078,0.1812,0.58,0.51,0.616,0,0,0.0
2026-03-10,Astralis,FURIA,Nuke,3,0,2.56,1.52,-462,-233,0.545,0.619,2.772588722239781,2.772588722239781,0.6,0.67,0.818181,-0.078,-0.1812,0.51,0.58,0.384,0,0,1.0
2026-03-10,FURIA,Astralis,Dust2,3,0,1.52,2.56,462,233,0.619,0.545,2.772588722239781,2.772588722239781,0.67,0.3,0.818181,0.078,0.1812,0.58,0.51,0.616,0,0,1.0
2026-03-10,Astralis,FURIA,Dust2,3,0,2.56,1.52,-462,-233,0.545,0.619,2.772588722239781,2.772588722239781,0.3,0.67,0.818181,-0.078,-0.1812,0.51,0.58,0.384,0,0,0.0
2026-03-10,FURIA,Astralis,Inferno,3,0,1.52,2.56,462,233,0.619,0.545,2.772588722239781,2.772588722239781,0.55,0.67,0.818181,0.078,0.1812,0.58,0.51,0.616,0,0,0.0
2026-03-10,Astralis,FURIA,Inferno,3,0,2.56,1.52,-462,-233,0.545,0.619,2.772588722239781,2.772588722239781,0.67,0.55,0.818181,-0.078,-0.1812,0.51,0.58,0.384,0,0,1.0
2026-03-13,TheMongolZ,NaVi,Ancient,3,1,2.14,1.71,22,-11,0.5,0.471,2.772588722239781,2.772588722239781,0.25,0.83,0.40909,-0.012,-0.012,0.6,0.62,0.473,0,0,0.0
2026-03-13,NaVi,TheMongolZ,Ancient,3,1,1.71,2.14,-22,11,0.471,0.5,2.772588722239781,2.772588722239781,0.83,0.25,0.40909,0.012,0.012,0.62,0.6,0.527,0,0,1.0
2026-03-13,TheMongolZ,NaVi,Mirage,3,1,2.14,1.71,22,-11,0.5,0.471,2.772588722239781,2.772588722239781,0.7,0.25,0.40909,-0.012,-0.012,0.6,0.62,0.473,0,0,0.0
2026-03-13,NaVi,TheMongolZ,Mirage,3,1,1.71,2.14,-22,11,0.471,0.5,2.772588722239781,2.772588722239781,0.25,0.7,0.40909,0.012,0.012,0.62,0.6,0.527,0,0,1.0
2026-03-13,Legacy,Aurora,Dust2,3,1,1.95,1.85,-203,-517,0.615,0.579,2.772588722239781,2.772588722239781,0.75,0.67,0.333,0.066,-0.211999,0.63,0.55,0.351,1,0,0.0
2026-03-13,Aurora,Legacy,Dust2,3,1,1.85,1.95,203,517,0.579,0.615,2.772588722239781,2.772588722239781,0.67,0.75,0.333,-0.066,0.211999,0.55,0.63,0.649,0,1,1.0
2026-03-13,Legacy,Aurora,Overpass,3,1,1.95,1.85,-203,-517,0.615,0.579,2.772588722239781,2.772588722239781,0.67,0.56,0.333,0.066,-0.211999,0.63,0.55,0.351,1,0,1.0
2026-03-13,Aurora,Legacy,Overpass,3,1,1.85,1.95,203,517,0.579,0.615,2.772588722239781,2.772588722239781,0.56,0.67,0.333,-0.066,0.211999,0.55,0.63,0.649,0,1,0.0
2026-03-13,Legacy,Aurora,Inferno,3,1,1.95,1.85,-203,-517,0.615,0.579,2.772588722239781,2.772588722239781,0.71,0.5,0.333,0.066,-0.211999,0.63,0.55,0.351,1,0,0.0
2026-03-13,Aurora,Legacy,Inferno,3,1,1.85,1.95,203,517,0.579,0.615,2.772588722239781,2.772588722239781,0.5,0.71,0.333,-0.066,0.211999,0.55,0.63,0.649,0,1,1.0
2026-03-13,MOUZ,FUT,Dust2,3,1,1.41,2.93,358,417,0.667,0.542,2.772588722239781,2.772588722239781,0.3,0.45,0.75,0.014,0.1223999,0.6,0.6,0.457,0,0,0.0
2026-03-13,FUT,MOUZ,Dust2,3,1,2.93,1.41,-358,-417,0.542,0.667,2.772588722239781,2.772588722239781,0.45,0.3,0.75,-0.014,-0.1223999,0.6,0.6,0.5429999999999999,0,0,1.0
2026-03-13,MOUZ,FUT,Overpass,3,1,1.41,2.93,358,417,0.667,0.542,2.772588722239781,2.772588722239781,0.857142,0.56,0.75,0.014,0.1223999,0.6,0.6,0.457,0,0,1.0
2026-03-13,FUT,MOUZ,Overpass,3,1,2.93,1.41,-358,-417,0.542,0.667,2.772588722239781,2.772588722239781,0.56,0.857142,0.75,-0.014,-0.1223999,0.6,0.6,0.5429999999999999,0,0,0.0
2026-03-13,MOUZ,FUT,Mirage,3,1,1.41,2.93,358,417,0.667,0.542,2.772588722239781,2.772588722239781,0.88,0.76,0.75,0.014,0.1223999,0.6,0.6,0.457,0,0,0.0
2026-03-13,FUT,MOUZ,Mirage,3,1,2.93,1.41,-358,-417,0.542,0.667,2.772588722239781,2.772588722239781,0.76,0.88,0.75,-0.014,-0.1223999,0.6,0.6,0.5429999999999999,0,0,1.0
2026-03-13,Astralis,Spirit,Dust2,3,1,4.2,1.23,296,149,0.565,0.769,2.772588722239781,2.772588722239781,0.27,0.86,0.8,-0.113999,-0.2173999,0.51,0.66,0.322,0,0,
2026-03-13,Spirit,Astralis,Dust2,3,1,1.23,4.2,-296,-149,0.769,0.565,2.772588722239781,2.772588722239781,0.86,0.27,0.8,0.113999,0.2173999,0.66,0.51,0.6779999999999999,0,0,
2026-03-13,Astralis,Spirit,Ancient,3,1,4.2,1.23,296,149,0.565,0.769,2.772588722239781,2.772588722239781,0.78,0.67,0.8,-0.113999,-0.2173999,0.51,0.66,0.322,0,0,
2026-03-13,Spirit,Astralis,Ancient,3,1,1.23,4.2,-296,-149,0.769,0.565,2.772588722239781,2.772588722239781,0.67,0.78,0.8,0.113999,0.2173999,0.66,0.51,0.6779999999999999,0,0,
2026-03-13,Astralis,Spirit,Overpass,3,1,4.2,1.23,296,149,0.565,0.769,2.772588722239781,2.772588722239781,0.67,0.75,0.8,-0.113999,-0.2173999,0.51,0.66,0.322,0,0,
2026-03-13,Spirit,Astralis,Overpass,3,1,1.23,4.2,-296,-149,0.769,0.565,2.772588722239781,2.772588722239781,0.75,0.67,0.8,0.113999,0.2173999,0.66,0.51,0.6779999999999999,0,0,
2026-03-14,NaVi,FUT,Mirage,3,1,1.77,2.06,121,51,0.471,0.56,2.772588722239781,2.772588722239781,0.31,0.78,0.5,-0.01,0.0981999,0.62,0.6,0.513,0,0,1.0
2026-03-14,FUT,NaVi,Mirage,3,1,2.06,1.77,-121,-51,0.56,0.471,2.772588722239781,2.772588722239781,0.78,0.31,0.5,0.01,-0.0981999,0.6,0.62,0.487,0,0,0.0
2026-03-14,NaVi,FUT,Ancient,3,1,1.77,2.06,121,51,0.471,0.56,2.772588722239781,2.772588722239781,0.83,0.45,0.5,-0.01,0.0981999,0.62,0.6,0.513,0,0,0.0
2026-03-14,FUT,NaVi,Ancient,3,1,2.06,1.77,-121,-51,0.56,0.471,2.772588722239781,2.772588722239781,0.45,0.83,0.5,0.01,-0.0981999,0.6,0.62,0.487,0,0,1.0
2026-03-14,NaVi,FUT,Dust2,3,1,1.77,2.06,121,51,0.471,0.56,2.772588722239781,2.772588722239781,0.44,0.5,0.5,-0.01,0.0981999,0.62,0.6,0.513,0,0,1.0
2026-03-14,FUT,NaVi,Dust2,3,1,2.06,1.77,-121,-51,0.56,0.471,2.772588722239781,2.772588722239781,0.5,0.44,0.5,0.01,-0.0981999,0.6,0.62,0.487,0,0,0.0
2026-03-14,Aurora,Astralis,Nuke,3,1,1.8,2.02,101,51,0.6,0.583,2.772588722239781,2.772588722239781,0.5,0.667,0.578947,0.005999,0.10999,0.55,0.52,0.567,0,0,0.0
2026-03-14,Astralis,Aurora,Nuke,3,1,2.02,1.8,-101,-51,0.583,0.6,2.772588722239781,2.772588722239781,0.667,0.5,0.578947,-0.005999,-0.10999,0.52,0.55,0.433,0,0,1.0
2026-03-14,Aurora,Astralis,Dust2,3,1,1.8,2.02,101,51,0.6,0.583,2.772588722239781,2.772588722239781,0.7,0.333,0.578947,0.005999,0.10999,0.55,0.52,0.567,0,0,1.0
2026-03-14,Astralis,Aurora,Dust2,3,1,2.02,1.8,-101,-51,0.583,0.6,2.772588722239781,2.772588722239781,0.333,0.7,0.578947,-0.005999,-0.10999,0.52,0.55,0.433,0,0,0.0
2026-03-14,Aurora,Astralis,Inferno,3,1,1.8,2.02,101,51,0.6,0.583,2.772588722239781,2.772588722239781,0.57,0.75,0.578947,0.005999,0.10999,0.55,0.52,0.567,0,0,1.0
2026-03-14,Astralis,Aurora,Inferno,3,1,2.02,1.8,-101,-51,0.583,0.6,2.772588722239781,2.772588722239781,0.75,0.57,0.578947,-0.005999,-0.10999,0.52,0.55,0.433,0,0,0.0
2026-03-15,FUT,Astralis,Dust2,3,1,1.8,2.02,-29,-36,0.538,0.56,2.772588722239781,2.772588722239781,0.46,0.31,0.545454,0.05,0.045,0.6,0.51,0.708,0,0,1.0
2026-03-15,Astralis,FUT,Dust2,3,1,2.02,1.8,29,36,0.56,0.538,2.772588722239781,2.772588722239781,0.31,0.46,0.545454,-0.05,-0.045,0.51,0.6,0.292,0,0,0.0
2026-03-15,FUT,Astralis,Ancient,3,1,1.8,2.02,-29,-36,0.538,0.56,2.772588722239781,2.772588722239781,0.5,0.8,0.545454,0.05,0.045,0.6,0.51,0.708,0,0,0.0
2026-03-15,Astralis,FUT,Ancient,3,1,2.02,1.8,29,36,0.56,0.538,2.772588722239781,2.772588722239781,0.8,0.5,0.545454,-0.05,-0.045,0.51,0.6,0.292,0,0,1.0
2026-03-15,FUT,Astralis,Overpass,3,1,1.8,2.02,-29,-36,0.538,0.56,2.772588722239781,2.772588722239781,0.5,0.667,0.545454,0.05,0.045,0.6,0.51,0.708,0,0,0.0
2026-03-15,Astralis,FUT,Overpass,3,1,2.02,1.8,29,36,0.56,0.538,2.772588722239781,2.772588722239781,0.667,0.5,0.545454,-0.05,-0.045,0.51,0.6,0.292,0,0,1.0
2026-03-15,NaVi,Aurora,Mirage,3,1,1.59,2.37,-9,-43,0.529,0.619,2.772588722239781,2.772588722239781,0.36,0.45,0.714285,0.026,0.026,0.62,0.55,0.504,0,0,1.0
2026-03-15,Aurora,NaVi,Mirage,3,1,2.37,1.59,9,43,0.619,0.529,2.772588722239781,2.772588722239781,0.45,0.36,0.714285,-0.026,-0.026,0.55,0.62,0.496,0,0,0.0
2026-03-15,NaVi,Aurora,Anubis,3,1,1.59,2.37,-9,-43,0.529,0.619,2.772588722239781,2.772588722239781,0.5,0.83,0.714285,0.026,0.026,0.62,0.55,0.504,0,0,0.0
2026-03-15,Aurora,NaVi,Anubis,3,1,2.37,1.59,9,43,0.619,0.529,2.772588722239781,2.772588722239781,0.83,0.5,0.714285,-0.026,-0.026,0.55,0.62,0.496,0,0,1.0
2026-03-15,NaVi,Aurora,Nuke,3,1,1.59,2.37,-9,-43,0.529,0.619,2.772588722239781,2.772588722239781,0.67,0.4,0.714285,0.026,0.026,0.62,0.55,0.504,0,0,1.0
2026-03-15,Aurora,NaVi,Nuke,3,1,2.37,1.59,9,43,0.619,0.529,2.772588722239781,2.772588722239781,0.4,0.67,0.714285,-0.026,-0.026,0.55,0.62,0.496,0,0,0.0
2026-03-15,NaVi,Aurora,Dust2,3,1,1.59,2.37,-9,-43,0.529,0.619,2.772588722239781,2.772588722239781,0.5,0.73,0.714285,0.026,0.026,0.62,0.55,0.504,0,0,1.0
2026-03-15,Aurora,NaVi,Dust2,3,1,2.37,1.59,9,43,0.619,0.529,2.772588722239781,2.772588722239781,0.73,0.5,0.714285,-0.026,-0.026,0.55,0.62,0.496,0,0,0.0
2026-03-18,Falcons,NRG,Ancient,3,1,1.08,7.82,388,406,0.692,0.684,2.772588722239781,2.772588722239781,0.333,0.8,0.714285,0.00999,0.284999,0.53,0.66,0.807,0,1,1.0
2026-03-18,NRG,Falcons,Ancient,3,1,7.82,1.08,-388,-406,0.684,0.692,2.772588722239781,2.772588722239781,0.8,0.333,0.714285,-0.00999,-0.284999,0.66,0.53,0.1929999999999999,1,0,0.0
2026-03-18,Falcons,NRG,Dust2,3,1,1.08,7.82,388,406,0.692,0.684,2.772588722239781,2.772588722239781,0.5,0.4,0.714285,0.00999,0.284999,0.53,0.66,0.807,0,1,1.0
2026-03-18,NRG,Falcons,Dust2,3,1,7.82,1.08,-388,-406,0.684,0.692,2.772588722239781,2.772588722239781,0.4,0.5,0.714285,-0.00999,-0.284999,0.66,0.53,0.1929999999999999,1,0,0.0
2026-03-18,NaVi,B8,Mirage,3,1,1.3,3.59,338,411,0.556,0.2,2.772588722239781,2.772588722239781,0.4,0.38,0.875,0.054,0.1562,0.62,0.55,0.863,0,1,1.0
2026-03-18,B8,NaVi,Mirage,3,1,3.59,1.3,-338,-411,0.2,0.556,2.772588722239781,2.772588722239781,0.38,0.4,0.875,-0.054,-0.1562,0.55,0.62,0.137,1,0,0.0
2026-03-18,NaVi,B8,Ancient,3,1,1.3,3.59,338,411,0.556,0.2,2.772588722239781,2.772588722239781,0.71,0.5,0.875,0.054,0.1562,0.62,0.55,0.863,0,1,0.0
2026-03-18,B8,NaVi,Ancient,3,1,3.59,1.3,-338,-411,0.2,0.556,2.772588722239781,2.772588722239781,0.5,0.71,0.875,-0.054,-0.1562,0.55,0.62,0.137,1,0,1.0
2026-03-18,NaVi,B8,Dust2,3,1,1.3,3.59,338,411,0.556,0.2,2.772588722239781,2.772588722239781,0.55,0.5,0.875,0.054,0.1562,0.62,0.55,0.863,0,1,1.0
2026-03-18,B8,NaVi,Dust2,3,1,3.59,1.3,-338,-411,0.2,0.556,2.772588722239781,2.772588722239781,0.5,0.55,0.875,-0.054,-0.1562,0.55,0.62,0.137,1,0,0.0
2026-03-18,FaZe,Aurora,Nuke,3,1,2.38,1.58,146,283,0.25,0.591,2.772588722239781,2.772588722239781,0.2,0.333,0.6,0.007999,-0.0974,0.25,0.55,0.354,0,0,1.0
2026-03-18,Aurora,FaZe,Nuke,3,1,1.58,2.38,-146,-283,0.591,0.25,2.772588722239781,2.772588722239781,0.333,0.2,0.6,-0.007999,0.0974,0.55,0.25,0.646,0,0,0.0
2026-03-18,FaZe,Aurora,Inferno,3,1,2.38,1.58,146,283,0.25,0.591,2.772588722239781,2.772588722239781,0.1428,0.62,0.6,0.007999,-0.0974,0.25,0.55,0.354,0,0,0.0
2026-03-18,Aurora,FaZe,Inferno,3,1,1.58,2.38,-146,-283,0.591,0.25,2.772588722239781,2.772588722239781,0.62,0.1428,0.6,-0.007999,0.0974,0.55,0.25,0.646,0,0,1.0
2026-03-18,FaZe,Aurora,Dust2,3,1,2.38,1.58,146,283,0.25,0.591,2.772588722239781,2.772588722239781,0.83,0.67,0.6,0.007999,-0.0974,0.25,0.55,0.354,0,0,0.0
2026-03-18,Aurora,FaZe,Dust2,3,1,1.58,2.38,-146,-283,0.591,0.25,2.772588722239781,2.772588722239781,0.67,0.83,0.6,-0.007999,0.0974,0.55,0.25,0.646,0,0,1.0
2026-03-18,FURIA,TYLOO,Mirage,3,1,1.13,6.03,534,850,0.619,0.8889,2.772588722239781,2.772588722239781,0.53,0.8,0.5,-0.008,0.270999,0.58,0.6,0.605,0,0,1.0
2026-03-18,TYLOO,FURIA,Mirage,3,1,6.03,1.13,-534,-850,0.8889,0.619,2.772588722239781,2.772588722239781,0.8,0.53,0.5,0.008,-0.270999,0.6,0.58,0.395,0,0,0.0
2026-03-18,FURIA,TYLOO,Overpass,3,1,1.13,6.03,534,850,0.619,0.8889,2.772588722239781,2.772588722239781,0.29,0.75,0.5,-0.008,0.270999,0.58,0.6,0.605,0,0,1.0
2026-03-18,TYLOO,FURIA,Overpass,3,1,6.03,1.13,-534,-850,0.8889,0.619,2.772588722239781,2.772588722239781,0.75,0.29,0.5,0.008,-0.270999,0.6,0.58,0.395,0,0,0.0
2026-03-19,PARIVISION,NinjasinPyjamas,Ancient,3,1,1.5,2.6,355,386,0.636,0.654,2.772588722239781,2.772588722239781,0.75,0.64,0.625,0.017999,0.285999,0.62,0.53,0.721,0,0,1.0
2026-03-19,NinjasinPyjamas,PARIVISION,Ancient,3,1,2.6,1.5,-355,-386,0.654,0.636,2.772588722239781,2.772588722239781,0.64,0.75,0.625,-0.017999,-0.285999,0.53,0.62,0.279,0,0,0.0
2026-03-19,PARIVISION,NinjasinPyjamas,Mirage,3,1,1.5,2.6,355,386,0.636,0.654,2.772588722239781,2.772588722239781,0.5,0.43,0.625,0.017999,0.285999,0.62,0.53,0.721,0,0,0.0
2026-03-19,NinjasinPyjamas,PARIVISION,Mirage,3,1,2.6,1.5,-355,-386,0.654,0.636,2.772588722239781,2.772588722239781,0.43,0.5,0.625,-0.017999,-0.285999,0.53,0.62,0.279,0,0,1.0
2026-03-19,PARIVISION,NinjasinPyjamas,Dust2,3,1,1.5,2.6,355,386,0.636,0.654,2.772588722239781,2.772588722239781,0.67,0.64,0.625,0.017999,0.285999,0.62,0.53,0.721,0,0,1.0
2026-03-19,NinjasinPyjamas,PARIVISION,Dust2,3,1,2.6,1.5,-355,-386,0.654,0.636,2.772588722239781,2.772588722239781,0.64,0.67,0.625,-0.017999,-0.285999,0.53,0.62,0.279,0,0,0.0
2026-03-19,Spirit,Liquid,Ancient,3,1,1.15,5.64,285,424,0.75,0.444,2.772588722239781,2.772588722239781,0.5,0.29,0.8,0.121999,0.2245999,0.65,0.5,0.78,0,1,1.0
2026-03-19,Liquid,Spirit,Ancient,3,1,5.64,1.15,-285,-424,0.444,0.75,2.772588722239781,2.772588722239781,0.29,0.5,0.8,-0.121999,-0.2245999,0.5,0.65,0.2199999999999999,1,0,0.0
2026-03-19,Spirit,Liquid,Mirage,3,1,1.15,5.64,285,424,0.75,0.444,2.772588722239781,2.772588722239781,0.5,0.5,0.8,0.121999,0.2245999,0.65,0.5,0.78,0,1,1.0
2026-03-19,Liquid,Spirit,Mirage,3,1,5.64,1.15,-285,-424,0.444,0.75,2.772588722239781,2.772588722239781,0.5,0.5,0.8,-0.121999,-0.2245999,0.5,0.65,0.2199999999999999,1,0,0.0
2026-03-19,MOUZ,TheMongolZ,Nuke,3,1,1.34,3.28,292,237,0.6667,0.5,2.772588722239781,2.772588722239781,0.333,0.57,0.857142,0.044,0.044,0.59,0.59,0.562,0,0,0.0
2026-03-19,TheMongolZ,MOUZ,Nuke,3,1,3.28,1.34,-292,-237,0.5,0.6667,2.772588722239781,2.772588722239781,0.57,0.333,0.857142,-0.044,-0.044,0.59,0.59,0.4379999999999999,0,0,1.0
2026-03-19,MOUZ,TheMongolZ,Inferno,3,1,1.34,3.28,292,237,0.6667,0.5,2.772588722239781,2.772588722239781,0.7,0.25,0.857142,0.044,0.044,0.59,0.59,0.562,0,0,0.0
2026-03-19,TheMongolZ,MOUZ,Inferno,3,1,3.28,1.34,-292,-237,0.5,0.6667,2.772588722239781,2.772588722239781,0.25,0.7,0.857142,-0.044,-0.044,0.59,0.59,0.4379999999999999,0,0,1.0
2026-03-19,Vitality,9z,Overpass,3,1,1.05,10.0,958,575,0.933,0.806,2.772588722239781,2.772588722239781,0.8889,0.77,0.857142,0.006,0.2875,0.72,0.68,0.675,0,0,1.0
2026-03-19,9z,Vitality,Overpass,3,1,10.0,1.05,-958,-575,0.806,0.933,2.772588722239781,2.772588722239781,0.77,0.8889,0.857142,-0.006,-0.2875,0.68,0.72,0.3249999999999999,0,0,0.0
2026-03-19,Vitality,9z,Nuke,3,1,1.05,10.0,958,575,0.933,0.806,2.772588722239781,2.772588722239781,0.8,61.0,0.857142,0.006,0.2875,0.72,0.68,0.675,0,0,1.0
2026-03-19,9z,Vitality,Nuke,3,1,10.0,1.05,-958,-575,0.806,0.933,2.772588722239781,2.772588722239781,61.0,0.8,0.857142,-0.006,-0.2875,0.68,0.72,0.3249999999999999,0,0,0.0
2026-03-20,NRG,B8,Inferno,3,1,2.25,1.65,-19,-7,0.65,0.182,2.772588722239781,2.772588722239781,0.56,0.2,0.6,0.07999,-0.0927,0.65,0.55,0.244,1,1,1.0
2026-03-20,B8,NRG,Inferno,3,1,1.65,2.25,19,7,0.182,0.65,2.772588722239781,2.772588722239781,0.2,0.56,0.6,-0.07999,0.0927,0.55,0.65,0.756,1,1,0.0
2026-03-20,NRG,B8,Ancient,3,1,2.25,1.65,-19,-7,0.65,0.182,2.772588722239781,2.772588722239781,0.67,0.67,0.6,0.07999,-0.0927,0.65,0.55,0.244,1,1,1.0
2026-03-20,B8,NRG,Ancient,3,1,1.65,2.25,19,7,0.182,0.65,2.772588722239781,2.772588722239781,0.67,0.67,0.6,-0.07999,0.0927,0.55,0.65,0.756,1,1,0.0
2026-03-20,FaZe,TYLOO,Mirage,3,1,1.52,2.56,198,479,0.231,0.875,2.772588722239781,2.772588722239781,0.2,0.75,0.6,-0.06,0.1130999,0.33,0.59,0.504,0,0,0.0
2026-03-20,TYLOO,FaZe,Mirage,3,1,2.56,1.52,-198,-479,0.875,0.231,2.772588722239781,2.772588722239781,0.75,0.2,0.6,0.06,-0.1130999,0.59,0.33,0.496,0,0,1.0
2026-03-20,FaZe,TYLOO,Ancient,3,1,1.52,2.56,198,479,0.231,0.875,2.772588722239781,2.772588722239781,0.38,0.667,0.6,-0.06,0.1130999,0.33,0.59,0.504,0,0,1.0
2026-03-20,TYLOO,FaZe,Ancient,3,1,2.56,1.52,-198,-479,0.875,0.231,2.772588722239781,2.772588722239781,0.667,0.38,0.6,0.06,-0.1130999,0.59,0.33,0.496,0,0,0.0
2026-03-20,FaZe,TYLOO,Overpass,3,1,1.52,2.56,198,479,0.231,0.875,2.772588722239781,2.772588722239781,0.75,0.667,0.6,-0.06,0.1130999,0.33,0.59,0.504,0,0,0.0
2026-03-20,TYLOO,FaZe,Overpass,3,1,2.56,1.52,-198,-479,0.875,0.231,2.772588722239781,2.772588722239781,0.667,0.75,0.6,0.06,-0.1130999,0.59,0.33,0.496,0,0,1.0
2026-03-20,Falcons,NaVi,Mirage,3,1,1.71,2.16,31,-15,0.714,0.579,2.772588722239781,2.772588722239781,0.71,0.44,0.714285,-0.024,-0.024,0.53,0.62,0.368,1,0,1.0
2026-03-20,NaVi,Falcons,Mirage,3,1,2.16,1.71,-31,15,0.579,0.714,2.772588722239781,2.772588722239781,0.44,0.71,0.714285,0.024,0.024,0.62,0.53,0.632,0,1,0.0
2026-03-20,Falcons,NaVi,Inferno,3,1,1.71,2.16,31,-15,0.714,0.579,2.772588722239781,2.772588722239781,0.57,0.56,0.714285,-0.024,-0.024,0.53,0.62,0.368,1,0,0.0
2026-03-20,NaVi,Falcons,Inferno,3,1,2.16,1.71,-31,15,0.579,0.714,2.772588722239781,2.772588722239781,0.56,0.57,0.714285,0.024,0.024,0.62,0.53,0.632,0,1,1.0
2026-03-20,Falcons,NaVi,Dust2,3,1,1.71,2.16,31,-15,0.714,0.579,2.772588722239781,2.772588722239781,0.56,0.58,0.714285,-0.024,-0.024,0.53,0.62,0.368,1,0,0.0
2026-03-20,NaVi,Falcons,Dust2,3,1,2.16,1.71,-31,15,0.579,0.714,2.772588722239781,2.772588722239781,0.58,0.56,0.714285,0.024,0.024,0.62,0.53,0.632,0,1,1.0
2026-03-20,Aurora,FURIA,Dust2,3,1,2.08,1.75,-290,-50,0.609,0.636,2.772588722239781,2.772588722239781,0.69,0.69,0.44,-0.05999,-0.05999,0.55,0.58,0.583,0,0,1.0
2026-03-20,FURIA,Aurora,Dust2,3,1,1.75,2.08,290,50,0.636,0.609,2.772588722239781,2.772588722239781,0.69,0.69,0.44,0.05999,0.05999,0.58,0.55,0.417,0,0,0.0
2026-03-20,Aurora,FURIA,Inferno,3,1,2.08,1.75,-290,-50,0.609,0.636,2.772588722239781,2.772588722239781,0.67,0.45,0.44,-0.05999,-0.05999,0.55,0.58,0.583,0,0,1.0
2026-03-20,FURIA,Aurora,Inferno,3,1,1.75,2.08,290,50,0.636,0.609,2.772588722239781,2.772588722239781,0.45,0.67,0.44,0.05999,0.05999,0.58,0.55,0.417,0,0,0.0
2026-03-21,NinjasinPyjamas,Liquid,Nuke,3,1,1.67,2.21,-9,103,0.63,0.421,2.772588722239781,2.772588722239781,0.71,0.5,0.2857,0.074,0.0554999,0.53,0.49,0.597,0,1,1.0
2026-03-21,Liquid,NinjasinPyjamas,Nuke,3,1,2.21,1.67,9,-103,0.421,0.63,2.772588722239781,2.772588722239781,0.5,0.71,0.2857,-0.074,-0.0554999,0.49,0.53,0.403,1,0,0.0
2026-03-21,NinjasinPyjamas,Liquid,Mirage,3,1,1.67,2.21,-9,103,0.63,0.421,2.772588722239781,2.772588722239781,0.5,0.43,0.2857,0.074,0.0554999,0.53,0.49,0.597,0,1,0.0
2026-03-21,Liquid,NinjasinPyjamas,Mirage,3,1,2.21,1.67,9,-103,0.421,0.63,2.772588722239781,2.772588722239781,0.43,0.5,0.2857,-0.074,-0.0554999,0.49,0.53,0.403,1,0,1.0
2026-03-21,NinjasinPyjamas,Liquid,Ancient,3,1,1.67,2.21,-9,103,0.63,0.421,2.772588722239781,2.772588722239781,0.5,0.25,0.2857,0.074,0.0554999,0.53,0.49,0.597,0,1,0.0
2026-03-21,Liquid,NinjasinPyjamas,Ancient,3,1,2.21,1.67,9,-103,0.421,0.63,2.772588722239781,2.772588722239781,0.25,0.5,0.2857,-0.074,-0.0554999,0.49,0.53,0.403,1,0,1.0
2026-03-21,MOUZ,9z,Dust2,3,1,1.09,7.4,435,390,0.632,0.784,2.772588722239781,2.772588722239781,0.27,0.77,0.5,-0.025999,0.2545,0.59,0.67,0.658,0,0,1.0
2026-03-21,9z,MOUZ,Dust2,3,1,7.4,1.09,-435,-390,0.784,0.632,2.772588722239781,2.772588722239781,0.77,0.27,0.5,0.025999,-0.2545,0.67,0.59,0.3419999999999999,0,0,0.0
2026-03-21,MOUZ,9z,Inferno,3,1,1.09,7.4,435,390,0.632,0.784,2.772588722239781,2.772588722239781,0.64,0.73,0.5,-0.025999,0.2545,0.59,0.67,0.658,0,0,0.0
2026-03-21,9z,MOUZ,Inferno,3,1,7.4,1.09,-435,-390,0.784,0.632,2.772588722239781,2.772588722239781,0.73,0.64,0.5,0.025999,-0.2545,0.67,0.59,0.3419999999999999,0,0,1.0
2026-03-21,MOUZ,9z,Nuke,3,1,1.09,7.4,435,390,0.632,0.784,2.772588722239781,2.772588722239781,0.25,0.58,0.5,-0.025999,0.2545,0.59,0.67,0.658,0,0,0.0
2026-03-21,9z,MOUZ,Nuke,3,1,7.4,1.09,-435,-390,0.784,0.632,2.772588722239781,2.772588722239781,0.58,0.25,0.5,0.025999,-0.2545,0.67,0.59,0.3419999999999999,0,0,1.0
2026-03-21,PARIVISION,Spirit,Anubis,3,1,3.14,1.37,39,50,0.652,0.769,2.772588722239781,2.772588722239781,0.667,0.8,0.6,-0.058,-0.058,0.62,0.65,0.386,0,0,1.0
2026-03-21,Spirit,PARIVISION,Anubis,3,1,1.37,3.14,-39,-50,0.769,0.652,2.772588722239781,2.772588722239781,0.8,0.667,0.6,0.058,0.058,0.65,0.62,0.614,0,0,0.0
2026-03-21,PARIVISION,Spirit,Ancient,3,1,3.14,1.37,39,50,0.652,0.769,2.772588722239781,2.772588722239781,0.78,0.6,0.6,-0.058,-0.058,0.62,0.65,0.386,0,0,1.0
2026-03-21,Spirit,PARIVISION,Ancient,3,1,1.37,3.14,-39,-50,0.769,0.652,2.772588722239781,2.772588722239781,0.6,0.78,0.6,0.058,0.058,0.65,0.62,0.614,0,0,0.0
2026-03-21,TheMongolZ,Vitality,Mirage,3,1,5.99,1.13,715,343,0.533,0.938,2.772588722239781,2.772588722239781,0.64,0.4,0.2647,-0.073999,-0.073999,0.6,0.72,0.311,0,0,0.0
2026-03-21,Vitality,TheMongolZ,Mirage,3,1,1.13,5.99,-715,-343,0.938,0.533,2.772588722239781,2.772588722239781,0.4,0.64,0.2647,0.073999,0.073999,0.72,0.6,0.6890000000000001,0,0,1.0
2026-03-21,TheMongolZ,Vitality,Overpass,3,1,5.99,1.13,715,343,0.533,0.938,2.772588722239781,2.772588722239781,0.333,0.9,0.2647,-0.073999,-0.073999,0.6,0.72,0.311,0,0,0.0
2026-03-21,Vitality,TheMongolZ,Overpass,3,1,1.13,5.99,-715,-343,0.938,0.533,2.772588722239781,2.772588722239781,0.9,0.333,0.2647,0.073999,0.073999,0.72,0.6,0.6890000000000001,0,0,1.0
2026-03-22,TYLOO,Falcons,Inferno,3,1,6.34,1.12,407,677,0.889,0.667,2.772588722239781,2.772588722239781,0.8,0.75,0.5,1e-06,-0.2764999,0.59,0.53,0.48,0,0,1.0
2026-03-22,Falcons,TYLOO,Inferno,3,1,1.12,6.34,-407,-677,0.667,0.889,2.772588722239781,2.772588722239781,0.75,0.8,0.5,-1e-06,0.2764999,0.53,0.59,0.52,0,0,0.0
2026-03-22,TYLOO,Falcons,Ancient,3,1,6.34,1.12,407,677,0.889,0.667,2.772588722239781,2.772588722239781,0.5,0.5,0.25,1e-06,-0.2764999,0.59,0.53,0.48,0,0,0.0
2026-03-22,Falcons,TYLOO,Ancient,3,1,1.12,6.34,-407,-677,0.667,0.889,2.772588722239781,2.772588722239781,0.5,0.5,0.25,-1e-06,0.2764999,0.53,0.59,0.52,0,0,1.0
2026-03-22,TYLOO,Falcons,Mirage,3,1,6.34,1.12,407,677,0.889,0.667,2.772588722239781,2.772588722239781,0.8,0.5,0.75,1e-06,-0.2764999,0.59,0.53,0.48,0,0,0.0
2026-03-22,Falcons,TYLOO,Mirage,3,1,1.12,6.34,-407,-677,0.667,0.889,2.772588722239781,2.772588722239781,0.5,0.8,0.75,-1e-06,0.2764999,0.53,0.59,0.52,0,0,1.0
2026-03-22,NRG,FURIA,Mirage,3,1,4.35,1.22,515,433,0.667,0.609,2.772588722239781,2.772588722239781,0.75,0.56,0.4,0.002,-0.2754999,0.66,0.58,0.275,1,0,1.0
2026-03-22,FURIA,NRG,Mirage,3,1,1.22,4.35,-515,-433,0.609,0.667,2.772588722239781,2.772588722239781,0.56,0.75,0.4,-0.002,0.2754999,0.58,0.66,0.725,0,1,0.0
2026-03-22,NRG,FURIA,Nuke,3,1,4.35,1.22,515,433,0.667,0.609,2.772588722239781,2.772588722239781,0.25,0.57,0.4,0.002,-0.2754999,0.66,0.58,0.275,1,0,0.0
2026-03-22,FURIA,NRG,Nuke,3,1,1.22,4.35,-515,-433,0.609,0.667,2.772588722239781,2.772588722239781,0.57,0.25,0.4,-0.002,0.2754999,0.58,0.66,0.725,0,1,1.0
2026-03-22,NRG,FURIA,Dust2,3,1,4.35,1.22,515,433,0.667,0.609,2.772588722239781,2.772588722239781,0.4,0.64,0.4,0.002,-0.2754999,0.66,0.58,0.275,1,0,0.0
2026-03-22,FURIA,NRG,Dust2,3,1,1.22,4.35,-515,-433,0.609,0.667,2.772588722239781,2.772588722239781,0.64,0.4,0.4,-0.002,0.2754999,0.58,0.66,0.725,0,1,1.0
2026-03-22,Liquid,TheMongolZ,Ancient,3,1,3.33,1.33,-218,-390,0.45,0.5,2.772588722239781,2.772588722239781,0.333,0.2,0.25,-0.052,-0.1526,0.49,0.59,0.348,1,0,0.0
2026-03-22,TheMongolZ,Liquid,Ancient,3,1,1.33,3.33,218,390,0.5,0.45,2.772588722239781,2.772588722239781,0.2,0.333,0.25,0.052,0.1526,0.59,0.49,0.652,0,1,1.0
2026-03-22,Liquid,TheMongolZ,Mirage,3,1,3.33,1.33,-218,-390,0.45,0.5,2.772588722239781,2.772588722239781,0.5,0.58,0.25,-0.052,-0.1526,0.49,0.59,0.348,1,0,0.0
2026-03-22,TheMongolZ,Liquid,Mirage,3,1,1.33,3.33,218,390,0.5,0.45,2.772588722239781,2.772588722239781,0.58,0.5,0.25,0.052,0.1526,0.59,0.49,0.652,0,1,1.0
2026-03-22,9z,Spirit,Overpass,3,1,5.18,1.16,-310,-96,0.778,0.714,2.772588722239781,2.772588722239781,0.74,0.75,0.5,-0.024,-0.304,0.67,0.65,0.55,0,0,0.0
2026-03-22,Spirit,9z,Overpass,3,1,1.16,5.18,310,96,0.714,0.778,2.772588722239781,2.772588722239781,0.75,0.74,0.5,0.024,0.304,0.65,0.67,0.4499999999999999,0,0,1.0
2026-03-22,9z,Spirit,Dust2,3,1,5.18,1.16,-310,-96,0.778,0.714,2.772588722239781,2.772588722239781,0.69,0.86,0.5,-0.024,-0.304,0.67,0.65,0.55,0,0,0.0
2026-03-22,Spirit,9z,Dust2,3,1,1.16,5.18,310,96,0.714,0.778,2.772588722239781,2.772588722239781,0.86,0.69,0.5,0.024,0.304,0.65,0.67,0.4499999999999999,0,0,1.0
2026-03-23,NaVi,Aurora,Anubis,3,1,1.63,2.29,32,58,0.6,0.625,2.772588722239781,2.772588722239781,0.62,0.667,0.71875,0.028,0.028,0.62,0.55,0.55,0,0,1.0
2026-03-23,Aurora,NaVi,Anubis,3,1,2.29,1.63,-32,-58,0.625,0.6,2.772588722239781,2.772588722239781,0.667,0.62,0.71875,-0.028,-0.028,0.55,0.62,0.4499999999999999,0,0,0.0
2026-03-23,NaVi,Aurora,Nuke,3,1,1.63,2.29,32,58,0.6,0.625,2.772588722239781,2.772588722239781,0.75,0.29,0.71875,0.028,0.028,0.62,0.55,0.55,0,0,1.0
2026-03-23,Aurora,NaVi,Nuke,3,1,2.29,1.63,-32,-58,0.625,0.6,2.772588722239781,2.772588722239781,0.29,0.75,0.71875,-0.028,-0.028,0.55,0.62,0.4499999999999999,0,0,0.0
2026-03-23,Falcons,FURIA,Mirage,3,1,1.62,2.3,-127,-65,0.688,0.625,2.772588722239781,2.772588722239781,0.78,0.53,0.368421,0.002,0.002,0.53,0.58,0.562,0,0,1.0
2026-03-23,FURIA,Falcons,Mirage,3,1,2.3,1.62,127,65,0.625,0.688,2.772588722239781,2.772588722239781,0.53,0.78,0.368421,-0.002,-0.002,0.58,0.53,0.4379999999999999,0,0,0.0
2026-03-23,Falcons,FURIA,Dust2,3,1,1.62,2.3,-127,-65,0.688,0.625,2.772588722239781,2.772588722239781,0.5,0.667,0.368421,0.002,0.002,0.53,0.58,0.562,0,0,0.0
2026-03-23,FURIA,Falcons,Dust2,3,1,2.3,1.62,127,65,0.625,0.688,2.772588722239781,2.772588722239781,0.667,0.5,0.368421,-0.002,-0.002,0.58,0.53,0.4379999999999999,0,0,1.0
2026-03-23,Falcons,FURIA,Nuke,3,1,1.62,2.3,-127,-65,0.688,0.625,2.772588722239781,2.772588722239781,0.8,0.62,0.368421,0.002,0.002,0.53,0.58,0.562,0,0,1.0
2026-03-23,FURIA,Falcons,Nuke,3,1,2.3,1.62,127,65,0.625,0.688,2.772588722239781,2.772588722239781,0.62,0.8,0.368421,-0.002,-0.002,0.58,0.53,0.4379999999999999,0,0,0.0
2026-03-23,PARIVISION,Vitality,Mirage,3,1,4.95,1.18,587,231,0.667,0.941,2.772588722239781,2.772588722239781,0.46,0.5,0.2,-0.041999,-0.041999,0.62,0.72,0.318,0,0,0.0
2026-03-23,Vitality,PARIVISION,Mirage,3,1,1.18,4.95,-587,-231,0.941,0.667,2.772588722239781,2.772588722239781,0.5,0.46,0.2,0.041999,0.041999,0.72,0.62,0.6819999999999999,0,0,1.0
2026-03-23,PARIVISION,Vitality,Inferno,3,1,4.95,1.18,587,231,0.667,0.941,2.772588722239781,2.772588722239781,0.58,0.75,0.2,-0.041999,-0.041999,0.62,0.72,0.318,0,0,0.0
2026-03-23,Vitality,PARIVISION,Inferno,3,1,1.18,4.95,-587,-231,0.941,0.667,2.772588722239781,2.772588722239781,0.75,0.58,0.2,0.041999,0.041999,0.72,0.62,0.6819999999999999,0,0,1.0
2026-03-23,TheMongolZ,Spirit,Nuke,3,1,2.66,1.48,-67,-62,0.529,0.733,2.772588722239781,2.772588722239781,0.62,0.75,0.31578947,-0.085999,-0.085999,0.6,0.65,0.295,0,0,1.0
2026-03-23,Spirit,TheMongolZ,Nuke,3,1,1.48,2.66,67,62,0.733,0.529,2.772588722239781,2.772588722239781,0.75,0.62,0.31578947,0.085999,0.085999,0.65,0.6,0.7050000000000001,0,0,0.0
2026-03-23,TheMongolZ,Spirit,Overpass,3,1,2.66,1.48,-67,-62,0.529,0.733,2.772588722239781,2.772588722239781,0.25,0.8,0.31578947,-0.085999,-0.085999,0.6,0.65,0.295,0,0,1.0
2026-03-23,Spirit,TheMongolZ,Overpass,3,1,1.48,2.66,67,62,0.733,0.529,2.772588722239781,2.772588722239781,0.8,0.25,0.31578947,0.085999,0.085999,0.65,0.6,0.7050000000000001,0,0,0.0
2026-03-27,Aurora,TheMongolZ,Inferno,3,1,1.9,1.9,86,39,0.6,0.556,2.772588722239781,2.772588722239781,0.7,0.4,0.3,-0.012,-0.012,0.55,0.6,0.522,0,0,1.0
2026-03-27,TheMongolZ,Aurora,Inferno,3,1,1.9,1.9,-86,-39,0.556,0.6,2.772588722239781,2.772588722239781,0.4,0.7,0.3,0.012,0.012,0.6,0.55,0.478,0,0,0.0
2026-03-27,Aurora,TheMongolZ,Mirage,3,1,1.9,1.9,86,39,0.6,0.556,2.772588722239781,2.772588722239781,0.42,0.62,0.3,-0.012,-0.012,0.55,0.6,0.522,0,0,1.0
2026-03-27,TheMongolZ,Aurora,Mirage,3,1,1.9,1.9,-86,-39,0.556,0.6,2.772588722239781,2.772588722239781,0.62,0.42,0.3,0.012,0.012,0.6,0.55,0.478,0,0,0.0
2026-03-27,PARIVISION,Falcons,Mirage,3,1,1.55,2.46,-69,-17,0.64,0.706,2.772588722239781,2.772588722239781,0.43,0.8,0.75,-0.018,-0.018,0.62,0.53,0.495,0,0,1.0
2026-03-27,Falcons,PARIVISION,Mirage,3,1,2.46,1.55,69,17,0.706,0.64,2.772588722239781,2.772588722239781,0.8,0.43,0.75,0.018,0.018,0.53,0.62,0.505,0,0,0.0
2026-03-27,PARIVISION,Falcons,Ancient,3,1,1.55,2.46,-69,-17,0.64,0.706,2.772588722239781,2.772588722239781,0.8,0.6,0.75,-0.018,-0.018,0.62,0.53,0.495,0,0,1.0
2026-03-27,Falcons,PARIVISION,Ancient,3,1,2.46,1.55,69,17,0.706,0.64,2.772588722239781,2.772588722239781,0.6,0.8,0.75,0.018,0.018,0.53,0.62,0.505,0,0,0.0
2026-03-28,Vitality,Aurora,Inferno,3,1,1.15,5.63,618,229,0.944,0.615,2.772588722239781,2.772588722239781,0.78,0.73,0.8333,0.09,0.09,0.73,0.55,0.543,0,0,1.0
2026-03-28,Aurora,Vitality,Inferno,3,1,5.63,1.15,-618,-229,0.615,0.944,2.772588722239781,2.772588722239781,0.73,0.78,0.8333,-0.09,-0.09,0.55,0.73,0.4569999999999999,0,0,0.0
2026-03-28,Vitality,Aurora,Nuke,3,1,1.15,5.63,618,229,0.944,0.615,2.772588722239781,2.772588722239781,0.8333,0.25,0.8333,0.09,0.09,0.73,0.55,0.543,0,0,1.0
2026-03-28,Aurora,Vitality,Nuke,3,1,5.63,1.15,-618,-229,0.615,0.944,2.772588722239781,2.772588722239781,0.25,0.8333,0.8333,-0.09,-0.09,0.55,0.73,0.4569999999999999,0,0,0.0
2026-03-28,NaVi,PARIVISION,Dust2,3,1,1.8,2.02,59,52,0.619,0.654,2.772588722239781,2.772588722239781,0.62,0.68,0.667,-0.015999,-0.015999,0.62,0.62,0.652,0,0,1.0
2026-03-28,PARIVISION,NaVi,Dust2,3,1,2.02,1.8,-59,-52,0.654,0.619,2.772588722239781,2.772588722239781,0.68,0.62,0.667,0.015999,0.015999,0.62,0.62,0.348,0,0,0.0
2026-03-28,NaVi,PARIVISION,Inferno,3,1,1.8,2.02,59,52,0.619,0.654,2.772588722239781,2.772588722239781,0.67,0.54,0.667,-0.015999,-0.015999,0.62,0.62,0.652,0,0,0.0
2026-03-28,PARIVISION,NaVi,Inferno,3,1,2.02,1.8,-59,-52,0.654,0.619,2.772588722239781,2.772588722239781,0.54,0.67,0.667,0.015999,0.015999,0.62,0.62,0.348,0,0,1.0
2026-03-28,NaVi,PARIVISION,Mirage,3,1,1.8,2.02,59,52,0.619,0.654,2.772588722239781,2.772588722239781,0.41,0.47,0.667,-0.015999,-0.015999,0.62,0.62,0.652,0,0,1.0
2026-03-28,PARIVISION,NaVi,Mirage,3,1,2.02,1.8,-59,-52,0.654,0.619,2.772588722239781,2.772588722239781,0.47,0.41,0.667,0.015999,0.015999,0.62,0.62,0.348,0,0,0.0
2026-03-29,Vitality,NaVi,Inferno,3,1,1.17,5.19,570,160,0.947,0.636,2.772588722239781,2.772588722239781,0.8,0.6,0.875,0.056,0.056,0.73,0.62,0.502,0,0,1.0
2026-03-29,NaVi,Vitality,Inferno,3,1,5.19,1.17,-570,-160,0.636,0.947,2.772588722239781,2.772588722239781,0.6,0.8,0.875,-0.056,-0.056,0.62,0.73,0.498,0,0,0.0
2026-03-29,Vitality,NaVi,Anubis,3,1,1.17,5.19,570,160,0.947,0.636,2.772588722239781,2.772588722239781,0.8,0.5,0.875,0.056,0.056,0.73,0.62,0.502,0,0,1.0
2026-03-29,NaVi,Vitality,Anubis,3,1,5.19,1.17,-570,-160,0.636,0.947,2.772588722239781,2.772588722239781,0.5,0.8,0.875,-0.056,-0.056,0.62,0.73,0.498,0,0,0.0
2026-03-29,Vitality,NaVi,Dust2,3,1,1.17,5.19,570,160,0.947,0.636,2.772588722239781,2.772588722239781,0.90909,0.64,0.875,0.056,0.056,0.73,0.62,0.502,0,0,1.0
2026-03-29,NaVi,Vitality,Dust2,3,1,5.19,1.17,-570,-160,0.636,0.947,2.772588722239781,2.772588722239781,0.64,0.90909,0.875,-0.056,-0.056,0.62,0.73,0.498,0,0,0.0
2026-04-04,FUT,InnerCircle,Dust2,3,1,1.21,4.52,127,426,0.519,0.5,2.772588722239781,2.772588722239781,0.5,0.62,0.7,0.05,0.354,0.6,0.51,0.935,0,1,0.0
2026-04-04,InnerCircle,FUT,Dust2,3,1,4.52,1.21,-127,-426,0.5,0.519,2.772588722239781,2.772588722239781,0.62,0.5,0.7,-0.05,-0.354,0.51,0.6,0.0649999999999999,1,0,1.0
2026-04-04,FUT,InnerCircle,Mirage,3,1,1.21,4.52,127,426,0.519,0.5,2.772588722239781,2.772588722239781,0.74,0.5,0.7,0.05,0.354,0.6,0.51,0.935,0,1,1.0
2026-04-04,InnerCircle,FUT,Mirage,3,1,4.52,1.21,-127,-426,0.5,0.519,2.772588722239781,2.772588722239781,0.5,0.74,0.7,-0.05,-0.354,0.51,0.6,0.0649999999999999,1,0,0.0
2026-04-04,FUT,InnerCircle,Ancient,3,1,1.21,4.52,127,426,0.519,0.5,2.772588722239781,2.772588722239781,0.46,0.53,0.7,0.05,0.354,0.6,0.51,0.935,0,1,1.0
2026-04-04,InnerCircle,FUT,Ancient,3,1,4.52,1.21,-127,-426,0.5,0.519,2.772588722239781,2.772588722239781,0.53,0.46,0.7,-0.05,-0.354,0.51,0.6,0.0649999999999999,1,0,0.0
2026-04-04,3DMAX,FOKUS,Ancient,3,1,1.58,2.39,62,166,0.485,0.727,2.772588722239781,2.772588722239781,0.3,0.9,0.333,-0.024,0.1406999,0.57,0.7,0.395,1,5,0.0
2026-04-04,FOKUS,3DMAX,Ancient,3,1,2.39,1.58,-62,-166,0.727,0.485,2.772588722239781,2.772588722239781,0.9,0.3,0.333,0.024,-0.1406999,0.7,0.57,0.605,5,1,1.0
2026-04-04,3DMAX,FOKUS,Dust2,3,1,1.58,2.39,62,166,0.485,0.727,2.772588722239781,2.772588722239781,0.52,0.5,0.333,-0.024,0.1406999,0.57,0.7,0.395,1,5,1.0
2026-04-04,FOKUS,3DMAX,Dust2,3,1,2.39,1.58,-62,-166,0.727,0.485,2.772588722239781,2.772588722239781,0.5,0.52,0.333,0.024,-0.1406999,0.7,0.57,0.605,5,1,0.0
2026-04-04,3DMAX,FOKUS,Inferno,3,1,1.58,2.39,62,166,0.485,0.727,2.772588722239781,2.772588722239781,0.5,0.86,0.333,-0.024,0.1406999,0.57,0.7,0.395,1,5,0.0
2026-04-04,FOKUS,3DMAX,Inferno,3,1,2.39,1.58,-62,-166,0.727,0.485,2.772588722239781,2.772588722239781,0.86,0.5,0.333,0.024,-0.1406999,0.7,0.57,0.605,5,1,1.0
2026-04-04,NRG,Voca,Inferno,3,1,1.42,2.88,28,103,0.636,0.682,2.772588722239781,2.772588722239781,0.67,0.5,0.7,-0.127999,0.0879,0.65,0.69,0.803,1,2,1.0
2026-04-04,Voca,NRG,Inferno,3,1,2.88,1.42,-28,-103,0.682,0.636,2.772588722239781,2.772588722239781,0.5,0.67,0.7,0.127999,-0.0879,0.69,0.65,0.1969999999999999,2,1,0.0
2026-04-04,NRG,Voca,Mirage,3,1,1.42,2.88,28,103,0.636,0.682,2.772588722239781,2.772588722239781,0.73,0.7,0.7,-0.127999,0.0879,0.65,0.69,0.803,1,2,1.0
2026-04-04,Voca,NRG,Mirage,3,1,2.88,1.42,-28,-103,0.682,0.636,2.772588722239781,2.772588722239781,0.7,0.73,0.7,0.127999,-0.0879,0.69,0.65,0.1969999999999999,2,1,0.0
2026-04-04,B8,Wildcard,Nuke,3,1,1.27,3.77,48,460,0.478,0.586,2.772588722239781,2.772588722239781,0.2,0.89,0.5,-0.047999,0.2832,0.55,0.58,0.797,0,1,1.0
2026-04-04,Wildcard,B8,Nuke,3,1,3.77,1.27,-48,-460,0.586,0.478,2.772588722239781,2.772588722239781,0.89,0.2,0.5,0.047999,-0.2832,0.58,0.55,0.2029999999999999,1,0,0.0
2026-04-04,B8,Wildcard,Mirage,3,1,1.27,3.77,48,460,0.478,0.586,2.772588722239781,2.772588722239781,0.53,0.71,0.5,-0.047999,0.2832,0.55,0.58,0.797,0,1,1.0
2026-04-04,Wildcard,B8,Mirage,3,1,3.77,1.27,-48,-460,0.586,0.478,2.772588722239781,2.772588722239781,0.71,0.53,0.5,0.047999,-0.2832,0.58,0.55,0.2029999999999999,1,0,0.0
2026-04-04,Astralis,MIBR,Mirage,3,1,1.32,3.42,170,320,0.577,0.806,2.772588722239781,2.772588722239781,0.2,0.85,0.5,-0.096,0.1864999,0.52,0.78,0.844,0,0,1.0
2026-04-04,MIBR,Astralis,Mirage,3,1,3.42,1.32,-170,-320,0.806,0.577,2.772588722239781,2.772588722239781,0.85,0.2,0.5,0.096,-0.1864999,0.78,0.52,0.156,0,0,0.0
2026-04-04,Astralis,MIBR,Overpass,3,1,1.32,3.42,170,320,0.577,0.806,2.772588722239781,2.772588722239781,0.69,0.62,0.5,-0.096,0.1864999,0.52,0.78,0.844,0,0,1.0
2026-04-04,MIBR,Astralis,Overpass,3,1,3.42,1.32,-170,-320,0.806,0.577,2.772588722239781,2.772588722239781,0.62,0.69,0.5,0.096,-0.1864999,0.78,0.52,0.156,0,0,0.0
2026-04-04,TheMongolZ,BC.Game,Dust2,3,1,1.16,5.27,286,531,0.526,0.35,2.772588722239781,2.772588722239781,0.43,0.333,0.5,0.052,0.302,0.59,0.38,0.466,0,0,1.0
2026-04-04,BC.Game,TheMongolZ,Dust2,3,1,5.27,1.16,-286,-531,0.35,0.526,2.772588722239781,2.772588722239781,0.333,0.43,0.5,-0.052,-0.302,0.38,0.59,0.534,0,0,0.0
2026-04-04,TheMongolZ,BC.Game,Ancient,3,1,1.16,5.27,286,531,0.526,0.35,2.772588722239781,2.772588722239781,0.333,0.2,0.5,0.052,0.302,0.59,0.38,0.466,0,0,1.0
2026-04-04,BC.Game,TheMongolZ,Ancient,3,1,5.27,1.16,-286,-531,0.35,0.526,2.772588722239781,2.772588722239781,0.2,0.333,0.5,-0.052,-0.302,0.38,0.59,0.534,0,0,0.0
2026-04-04,PARIVISION,Legacy,Mirage,3,1,1.42,2.88,293,261,0.63,0.632,2.772588722239781,2.772588722239781,0.44,0.67,0.428571,-0.008,0.1013999,0.62,0.61,0.801,0,0,0.0
2026-04-04,Legacy,PARIVISION,Mirage,3,1,2.88,1.42,-293,-261,0.632,0.63,2.772588722239781,2.772588722239781,0.67,0.44,0.428571,0.008,-0.1013999,0.61,0.62,0.1989999999999999,0,0,1.0
2026-04-04,PARIVISION,Legacy,Inferno,3,1,1.42,2.88,293,261,0.63,0.632,2.772588722239781,2.772588722239781,0.57,0.67,0.428571,-0.008,0.1013999,0.62,0.61,0.801,0,0,1.0
2026-04-04,Legacy,PARIVISION,Inferno,3,1,2.88,1.42,-293,-261,0.632,0.63,2.772588722239781,2.772588722239781,0.67,0.57,0.428571,0.008,-0.1013999,0.61,0.62,0.1989999999999999,0,0,0.0
2026-04-04,PARIVISION,Legacy,Dust2,3,1,1.42,2.88,293,261,0.63,0.632,2.772588722239781,2.772588722239781,0.65,0.62,0.428571,-0.008,0.1013999,0.62,0.61,0.801,0,0,1.0
2026-04-04,Legacy,PARIVISION,Dust2,3,1,2.88,1.42,-293,-261,0.632,0.63,2.772588722239781,2.772588722239781,0.62,0.65,0.428571,0.008,-0.1013999,0.61,0.62,0.1989999999999999,0,0,0.0
2026-04-05,FUT,NRG,Ancient,3,1,1.34,3.28,97,201,0.536,0.619,2.772588722239781,2.772588722239781,0.5,0.71,0.5,-0.023999,0.144,0.6,0.65,0.812,0,1,1.0
2026-04-05,NRG,FUT,Ancient,3,1,3.28,1.34,-97,-201,0.619,0.536,2.772588722239781,2.772588722239781,0.71,0.5,0.5,0.023999,-0.144,0.65,0.6,0.1879999999999999,1,0,0.0
2026-04-05,FUT,NRG,Nuke,3,1,1.34,3.28,97,201,0.536,0.619,2.772588722239781,2.772588722239781,0.75,0.2,0.5,-0.023999,0.144,0.6,0.65,0.812,0,1,1.0
2026-04-05,NRG,FUT,Nuke,3,1,3.28,1.34,-97,-201,0.619,0.536,2.772588722239781,2.772588722239781,0.2,0.75,0.5,0.023999,-0.144,0.65,0.6,0.1879999999999999,1,0,0.0
2026-04-05,3DMAX,Voca,Dust2,3,1,1.12,6.46,62,135,0.471,0.667,2.772588722239781,2.772588722239781,0.54,0.667,0.5,-0.136,0.2351999,0.56,0.68,0.621,1,2,0.0
2026-04-05,Voca,3DMAX,Dust2,3,1,6.46,1.12,-62,-135,0.667,0.471,2.772588722239781,2.772588722239781,0.667,0.54,0.5,0.136,-0.2351999,0.68,0.56,0.379,2,1,1.0
2026-04-05,3DMAX,Voca,Anubis,3,1,1.12,6.46,62,135,0.471,0.667,2.772588722239781,2.772588722239781,0.67,0.333,0.5,-0.136,0.2351999,0.56,0.68,0.621,1,2,1.0
2026-04-05,Voca,3DMAX,Anubis,3,1,6.46,1.12,-62,-135,0.667,0.471,2.772588722239781,2.772588722239781,0.333,0.67,0.5,0.136,-0.2351999,0.68,0.56,0.379,2,1,0.0
2026-04-05,3DMAX,Voca,Ancient,3,1,1.12,6.46,62,135,0.471,0.667,2.772588722239781,2.772588722239781,0.27,0.62,0.5,-0.136,0.2351999,0.56,0.68,0.621,1,2,1.0
2026-04-05,Voca,3DMAX,Ancient,3,1,6.46,1.12,-62,-135,0.667,0.471,2.772588722239781,2.772588722239781,0.62,0.27,0.5,0.136,-0.2351999,0.68,0.56,0.379,2,1,0.0
2026-04-05,Astralis,B8,Mirage,3,1,1.42,2.88,132,174,0.593,0.5,2.772588722239781,2.772588722239781,0.27,0.56,0.5,-0.006,0.0981999,0.52,0.55,0.698,0,0,1.0
2026-04-05,B8,Astralis,Mirage,3,1,2.88,1.42,-132,-174,0.5,0.593,2.772588722239781,2.772588722239781,0.56,0.27,0.5,0.006,-0.0981999,0.55,0.52,0.302,0,0,0.0
2026-04-05,Astralis,B8,Nuke,3,1,1.42,2.88,132,174,0.593,0.5,2.772588722239781,2.772588722239781,0.71,0.333,0.5,-0.006,0.0981999,0.52,0.55,0.698,0,0,0.0
2026-04-05,B8,Astralis,Nuke,3,1,2.88,1.42,-132,-174,0.5,0.593,2.772588722239781,2.772588722239781,0.333,0.71,0.5,0.006,-0.0981999,0.55,0.52,0.302,0,0,1.0
2026-04-05,Astralis,B8,Ancient,3,1,1.42,2.88,132,174,0.593,0.5,2.772588722239781,2.772588722239781,0.82,0.78,0.5,-0.006,0.0981999,0.52,0.55,0.698,0,0,1.0
2026-04-05,B8,Astralis,Ancient,3,1,2.88,1.42,-132,-174,0.5,0.593,2.772588722239781,2.772588722239781,0.78,0.82,0.5,0.006,-0.0981999,0.55,0.52,0.302,0,0,0.0
2026-04-05,BC.Game,MIBR,Ancient,3,1,2.23,1.66,3,154,0.333,0.781,2.772588722239781,2.772588722239781,0.17,0.83,0.5,-0.133999,-0.1004999,0.36,0.75,0.623,0,0,0.0
2026-04-05,MIBR,BC.Game,Ancient,3,1,1.66,2.23,-3,-154,0.781,0.333,2.772588722239781,2.772588722239781,0.83,0.17,0.5,0.133999,0.1004999,0.75,0.36,0.377,0,0,1.0
2026-04-05,BC.Game,MIBR,Overpass,3,1,2.23,1.66,3,154,0.333,0.781,2.772588722239781,2.772588722239781,0.5,0.56,0.5,-0.133999,-0.1004999,0.36,0.75,0.623,0,0,1.0
2026-04-05,MIBR,BC.Game,Overpass,3,1,1.66,2.23,-3,-154,0.781,0.333,2.772588722239781,2.772588722239781,0.56,0.5,0.5,0.133999,0.1004999,0.75,0.36,0.377,0,0,0.0
2026-04-05,BC.Game,MIBR,Anubis,3,1,2.23,1.66,3,154,0.333,0.781,2.772588722239781,2.772588722239781,0.2,0.86,0.5,-0.133999,-0.1004999,0.36,0.75,0.623,0,0,0.0
2026-04-05,MIBR,BC.Game,Anubis,3,1,1.66,2.23,-3,-154,0.781,0.333,2.772588722239781,2.772588722239781,0.86,0.2,0.5,0.133999,0.1004999,0.75,0.36,0.377,0,0,1.0
2026-04-05,PARIVISION,FOKUS,Dust2,3,1,1.18,4.95,362,515,0.643,0.739,2.772588722239781,2.772588722239781,0.67,0.43,0.5,0.006,0.277,0.62,0.7,0.614,0,5,1.0
2026-04-05,FOKUS,PARIVISION,Dust2,3,1,4.95,1.18,-362,-515,0.739,0.643,2.772588722239781,2.772588722239781,0.43,0.67,0.5,-0.006,-0.277,0.7,0.62,0.386,5,0,0.0
2026-04-05,PARIVISION,FOKUS,Inferno,3,1,1.18,4.95,362,515,0.643,0.739,2.772588722239781,2.772588722239781,0.6,0.88,0.5,0.006,0.277,0.62,0.7,0.614,0,5,1.0
2026-04-05,FOKUS,PARIVISION,Inferno,3,1,4.95,1.18,-362,-515,0.739,0.643,2.772588722239781,2.772588722239781,0.88,0.6,0.5,-0.006,-0.277,0.7,0.62,0.386,5,0,0.0
2026-04-05,TheMongolZ,EYEBALLERS,Overpass,3,1,1.18,4.93,186,389,0.55,0.517,2.772588722239781,2.772588722239781,0.333,0.5,0.5,1e-06,0.264,0.6,0.54,0.729,0,1,1.0
2026-04-05,EYEBALLERS,TheMongolZ,Overpass,3,1,4.93,1.18,-186,-389,0.517,0.55,2.772588722239781,2.772588722239781,0.5,0.333,0.5,-1e-06,-0.264,0.54,0.6,0.271,1,0,0.0
2026-04-05,TheMongolZ,EYEBALLERS,Mirage,3,1,1.18,4.93,186,389,0.55,0.517,2.772588722239781,2.772588722239781,0.57,0.67,0.5,1e-06,0.264,0.6,0.54,0.729,0,1,1.0
2026-04-05,EYEBALLERS,TheMongolZ,Mirage,3,1,4.93,1.18,-186,-389,0.517,0.55,2.772588722239781,2.772588722239781,0.67,0.57,0.5,-1e-06,-0.264,0.54,0.6,0.271,1,0,0.0
2026-04-05,Legacy,InnerCircle,Ancient,3,1,1.42,2.88,72,340,0.6,0.485,2.772588722239781,2.772588722239781,0.78,0.5,0.5,0.068,0.3678,0.6,0.51,0.692,0,1,0.0
2026-04-05,InnerCircle,Legacy,Ancient,3,1,2.88,1.42,-72,-340,0.485,0.6,2.772588722239781,2.772588722239781,0.5,0.78,0.5,-0.068,-0.3678,0.51,0.6,0.308,1,0,1.0
2026-04-05,Legacy,InnerCircle,Nuke,3,1,1.42,2.88,72,340,0.6,0.485,2.772588722239781,2.772588722239781,0.333,0.333,0.5,0.068,0.3678,0.6,0.51,0.692,0,1,1.0
2026-04-05,InnerCircle,Legacy,Nuke,3,1,2.88,1.42,-72,-340,0.485,0.6,2.772588722239781,2.772588722239781,0.333,0.333,0.5,-0.068,-0.3678,0.51,0.6,0.308,1,0,0.0
2026-04-05,Legacy,InnerCircle,Mirage,3,1,1.42,2.88,72,340,0.6,0.485,2.772588722239781,2.772588722239781,0.71,0.47,0.5,0.068,0.3678,0.6,0.51,0.692,0,1,1.0
2026-04-05,InnerCircle,Legacy,Mirage,3,1,2.88,1.42,-72,-340,0.485,0.6,2.772588722239781,2.772588722239781,0.47,0.71,0.5,-0.068,-0.3678,0.51,0.6,0.308,1,0,0.0
2026-04-06,FOKUS,Wildcard,Nuke,3,1,1.27,3.77,8,218,0.708,0.577,2.772588722239781,2.772588722239781,0.57,0.78,0.75,0.004,0.2714999,0.67,0.56,0.83,5,1,1.0
2026-04-06,Wildcard,FOKUS,Nuke,3,1,3.77,1.27,-8,-218,0.577,0.708,2.772588722239781,2.772588722239781,0.78,0.57,0.75,-0.004,-0.2714999,0.56,0.67,0.17,1,5,0.0
2026-04-06,FOKUS,Wildcard,Inferno,3,1,1.27,3.77,8,218,0.708,0.577,2.772588722239781,2.772588722239781,0.78,0.333,0.75,0.004,0.2714999,0.67,0.56,0.83,5,1,0.0
2026-04-06,Wildcard,FOKUS,Inferno,3,1,3.77,1.27,-8,-218,0.577,0.708,2.772588722239781,2.772588722239781,0.333,0.78,0.75,-0.004,-0.2714999,0.56,0.67,0.17,1,5,1.0
2026-04-06,FOKUS,Wildcard,Mirage,3,1,1.27,3.77,8,218,0.708,0.577,2.772588722239781,2.772588722239781,0.6,0.62,0.75,0.004,0.2714999,0.67,0.56,0.83,5,1,0.0
2026-04-06,Wildcard,FOKUS,Mirage,3,1,3.77,1.27,-8,-218,0.577,0.708,2.772588722239781,2.772588722239781,0.62,0.6,0.75,-0.004,-0.2714999,0.56,0.67,0.17,1,5,1.0
2026-04-06,Legacy,MIBR,Inferno,3,1,1.39,3.01,68,168,0.619,0.788,2.772588722239781,2.772588722239781,0.6,0.71,0.571428,-0.034,0.1382999,0.6,0.75,0.835,0,0,0.0
2026-04-06,MIBR,Legacy,Inferno,3,1,3.01,1.39,-68,-168,0.788,0.619,2.772588722239781,2.772588722239781,0.71,0.6,0.571428,0.034,-0.1382999,0.75,0.6,0.165,0,0,1.0
2026-04-06,Legacy,MIBR,Mirage,3,1,1.39,3.01,68,168,0.619,0.788,2.772588722239781,2.772588722239781,0.75,0.79,0.571428,-0.034,0.1382999,0.6,0.75,0.835,0,0,1.0
2026-04-06,MIBR,Legacy,Mirage,3,1,3.01,1.39,-68,-168,0.788,0.619,2.772588722239781,2.772588722239781,0.79,0.75,0.571428,0.034,-0.1382999,0.75,0.6,0.165,0,0,0.0
2026-04-06,Legacy,MIBR,Nuke,3,1,1.39,3.01,68,168,0.619,0.788,2.772588722239781,2.772588722239781,0.43,0.6,0.571428,-0.034,0.1382999,0.6,0.75,0.835,0,0,0.0
2026-04-06,MIBR,Legacy,Nuke,3,1,3.01,1.39,-68,-168,0.788,0.619,2.772588722239781,2.772588722239781,0.6,0.43,0.571428,0.034,-0.1382999,0.75,0.6,0.165,0,0,1.0
2026-04-06,NRG,EYEBALLERS,Nuke,3,1,1.63,2.3,23,70,0.526,0.5,2.772588722239781,2.772588722239781,0.17,0.83,0.5,0.03999,0.02999,0.65,0.54,0.449,1,0,0.0
2026-04-06,EYEBALLERS,NRG,Nuke,3,1,2.3,1.63,-23,-70,0.5,0.526,2.772588722239781,2.772588722239781,0.83,0.17,0.5,-0.03999,-0.02999,0.54,0.65,0.5509999999999999,0,1,1.0
2026-04-06,NRG,EYEBALLERS,Mirage,3,1,1.63,2.3,23,70,0.526,0.5,2.772588722239781,2.772588722239781,0.82,0.62,0.5,0.03999,0.02999,0.65,0.54,0.449,1,0,0.0
2026-04-06,EYEBALLERS,NRG,Mirage,3,1,2.3,1.63,-23,-70,0.5,0.526,2.772588722239781,2.772588722239781,0.62,0.82,0.5,-0.03999,-0.02999,0.54,0.65,0.5509999999999999,0,1,1.0
2026-04-06,B8,3DMAX,Ancient,3,1,1.5,2.6,-32,65,0.48,0.486,2.772588722239781,2.772588722239781,0.7,0.333,0.667,-0.015999,-0.0143999,0.55,0.57,0.821,0,1,1.0
2026-04-06,3DMAX,B8,Ancient,3,1,2.6,1.5,32,-65,0.486,0.48,2.772588722239781,2.772588722239781,0.333,0.7,0.667,0.015999,0.0143999,0.57,0.55,0.179,1,0,0.0
2026-04-06,B8,3DMAX,Inferno,3,1,1.5,2.6,-32,65,0.48,0.486,2.772588722239781,2.772588722239781,0.25,0.45,0.667,-0.015999,-0.0143999,0.55,0.57,0.821,0,1,0.0
2026-04-06,3DMAX,B8,Inferno,3,1,2.6,1.5,32,-65,0.486,0.48,2.772588722239781,2.772588722239781,0.45,0.25,0.667,0.015999,0.0143999,0.57,0.55,0.179,1,0,1.0
2026-04-06,B8,3DMAX,Nuke,3,1,1.5,2.6,-32,65,0.48,0.486,2.772588722239781,2.772588722239781,0.43,0.57,0.667,-0.015999,-0.0143999,0.55,0.57,0.821,0,1,0.0
2026-04-06,3DMAX,B8,Nuke,3,1,2.6,1.5,32,-65,0.486,0.48,2.772588722239781,2.772588722239781,0.57,0.43,0.667,0.015999,0.0143999,0.57,0.55,0.179,1,0,1.0
2026-04-06,Astralis,TheMongolZ,Mirage,3,1,2.08,1.75,-119,-53,0.607,0.571,2.772588722239781,2.772588722239781,0.33,0.6,0.75,-0.02,-0.02,0.52,0.6,0.443,0,0,1.0
2026-04-06,TheMongolZ,Astralis,Mirage,3,1,1.75,2.08,119,53,0.571,0.607,2.772588722239781,2.772588722239781,0.6,0.33,0.75,0.02,0.02,0.6,0.52,0.5569999999999999,0,0,0.0
2026-04-06,Astralis,TheMongolZ,Ancient,3,1,2.08,1.75,-119,-53,0.607,0.571,2.772588722239781,2.772588722239781,0.83,0.43,0.75,-0.02,-0.02,0.52,0.6,0.443,0,0,1.0
2026-04-06,TheMongolZ,Astralis,Ancient,3,1,1.75,2.08,119,53,0.571,0.607,2.772588722239781,2.772588722239781,0.43,0.83,0.75,0.02,0.02,0.6,0.52,0.5569999999999999,0,0,0.0
2026-04-06,PARIVISION,FUT,Mirage,3,1,1.66,2.24,237,179,0.655,0.552,2.772588722239781,2.772588722239781,0.41,0.75,0.6,0.008,0.115999,0.62,0.6,0.533,0,0,0.0
2026-04-06,FUT,PARIVISION,Mirage,3,1,2.24,1.66,-237,-179,0.552,0.655,2.772588722239781,2.772588722239781,0.75,0.41,0.6,-0.008,-0.115999,0.6,0.62,0.4669999999999999,0,0,1.0
2026-04-06,PARIVISION,FUT,Dust2,3,1,1.66,2.24,237,179,0.655,0.552,2.772588722239781,2.772588722239781,0.68,0.47,0.6,0.008,0.115999,0.62,0.6,0.533,0,0,0.0
2026-04-06,FUT,PARIVISION,Dust2,3,1,2.24,1.66,-237,-179,0.552,0.655,2.772588722239781,2.772588722239781,0.47,0.68,0.6,-0.008,-0.115999,0.6,0.62,0.4669999999999999,0,0,1.0
2026-04-06,BC.Game,Voca,Dust2,3,1,1.39,3.01,5,-103,0.318,0.667,2.772588722239781,2.772588722239781,0.29,0.7,0.5,-0.163999,-0.122999,0.36,0.67,0.762,0,2,0.0
2026-04-06,Voca,BC.Game,Dust2,3,1,3.01,1.39,-5,103,0.667,0.318,2.772588722239781,2.772588722239781,0.7,0.29,0.5,0.163999,0.122999,0.67,0.36,0.238,2,0,1.0
2026-04-06,BC.Game,Voca,Overpass,3,1,1.39,3.01,5,-103,0.318,0.667,2.772588722239781,2.772588722239781,0.6,0.8,0.5,-0.163999,-0.122999,0.36,0.67,0.762,0,2,1.0
2026-04-06,Voca,BC.Game,Overpass,3,1,3.01,1.39,-5,103,0.667,0.318,2.772588722239781,2.772588722239781,0.8,0.6,0.5,0.163999,0.122999,0.67,0.36,0.238,2,0,0.0
2026-04-06,BC.Game,Voca,Nuke,3,1,1.39,3.01,5,-103,0.318,0.667,2.772588722239781,2.772588722239781,0.64,0.75,0.5,-0.163999,-0.122999,0.36,0.67,0.762,0,2,1.0
2026-04-06,Voca,BC.Game,Nuke,3,1,3.01,1.39,-5,103,0.667,0.318,2.772588722239781,2.772588722239781,0.75,0.64,0.5,0.163999,0.122999,0.67,0.36,0.238,2,0,0.0
2026-04-06,InnerCircle,FaZe,Nuke,3,1,2.47,1.55,-163,-210,0.471,0.364,2.772588722239781,2.772588722239781,0.3,0.62,0.5,-0.044,-0.3444,0.51,0.58,0.515,1,0,0.0
2026-04-06,FaZe,InnerCircle,Nuke,3,1,1.55,2.47,163,210,0.364,0.471,2.772588722239781,2.772588722239781,0.62,0.3,0.5,0.044,0.3444,0.58,0.51,0.485,0,1,1.0
2026-04-06,InnerCircle,FaZe,Mirage,3,1,2.47,1.55,-163,-210,0.471,0.364,2.772588722239781,2.772588722239781,0.44,0.5,0.5,-0.044,-0.3444,0.51,0.58,0.515,1,0,0.0
2026-04-06,FaZe,InnerCircle,Mirage,3,1,1.55,2.47,163,210,0.364,0.471,2.772588722239781,2.772588722239781,0.5,0.44,0.5,0.044,0.3444,0.58,0.51,0.485,0,1,1.0
2026-04-07,MIBR,EYEBALLERS,Mirage,3,1,1.69,2.18,5,14,0.794,0.716,2.772588722239781,2.772588722239781,0.73,0.65,0.5,0.068,0.051,0.74,0.54,0.555,1,0,1.0
2026-04-07,EYEBALLERS,MIBR,Mirage,3,1,2.18,1.69,-5,-14,0.716,0.794,2.772588722239781,2.772588722239781,0.65,0.73,0.5,-0.068,-0.051,0.54,0.74,0.4449999999999999,0,1,0.0
2026-04-07,MIBR,EYEBALLERS,Anubis,3,1,1.69,2.18,5,14,0.794,0.716,2.772588722239781,2.772588722239781,0.88,0.3,0.5,0.068,0.051,0.74,0.54,0.555,1,0,1.0
2026-04-07,EYEBALLERS,MIBR,Anubis,3,1,2.18,1.69,-5,-14,0.716,0.794,2.772588722239781,2.772588722239781,0.3,0.88,0.5,-0.068,-0.051,0.54,0.74,0.4449999999999999,0,1,0.0
2026-04-07,NRG,Legacy,Dust2,3,1,2.73,1.46,-52,-142,0.5,0.591,2.772588722239781,2.772588722239781,0.12,0.57,0.285714,-0.005999,-0.1685999,0.65,0.59,0.198,1,0,0.0
2026-04-07,Legacy,NRG,Dust2,3,1,1.46,2.73,52,142,0.591,0.5,2.772588722239781,2.772588722239781,0.57,0.12,0.285714,0.005999,0.1685999,0.59,0.65,0.802,0,1,1.0
2026-04-07,NRG,Legacy,Inferno,3,1,2.73,1.46,-52,-142,0.5,0.591,2.772588722239781,2.772588722239781,0.62,0.55,0.285714,-0.005999,-0.1685999,0.65,0.59,0.198,1,0,0.0
2026-04-07,Legacy,NRG,Inferno,3,1,1.46,2.73,52,142,0.591,0.5,2.772588722239781,2.772588722239781,0.55,0.62,0.285714,0.005999,0.1685999,0.59,0.65,0.802,0,1,1.0
2026-04-07,TheMongolZ,Wildcard,Dust2,3,1,1.1,7.08,322,561,0.545,0.593,2.772588722239781,2.772588722239781,0.5,0.36,0.5,-0.022,0.4084,0.6,0.57,0.821,0,1,1.0
2026-04-07,Wildcard,TheMongolZ,Dust2,3,1,7.08,1.1,-322,-561,0.593,0.545,2.772588722239781,2.772588722239781,0.36,0.5,0.5,0.022,-0.4084,0.57,0.6,0.179,1,0,0.0
2026-04-07,TheMongolZ,Wildcard,Nuke,3,1,1.1,7.08,322,561,0.545,0.593,2.772588722239781,2.772588722239781,0.667,0.7,0.5,-0.022,0.4084,0.6,0.57,0.821,0,1,1.0
2026-04-07,Wildcard,TheMongolZ,Nuke,3,1,7.08,1.1,-322,-561,0.593,0.545,2.772588722239781,2.772588722239781,0.7,0.667,0.5,0.022,-0.4084,0.57,0.6,0.179,1,0,0.0
2026-04-07,B8,InnerCircle,Dust2,3,1,1.58,2.39,51,264,0.462,0.486,2.772588722239781,2.772588722239781,0.5,0.64,0.5,0.017999,0.1691999,0.55,0.51,0.705,0,1,1.0
2026-04-07,InnerCircle,B8,Dust2,3,1,2.39,1.58,-51,-264,0.486,0.462,2.772588722239781,2.772588722239781,0.64,0.5,0.5,-0.017999,-0.1691999,0.51,0.55,0.295,1,0,0.0
2026-04-07,B8,InnerCircle,Mirage,3,1,1.58,2.39,51,264,0.462,0.486,2.772588722239781,2.772588722239781,0.53,0.47,0.5,0.017999,0.1691999,0.55,0.51,0.705,0,1,1.0
2026-04-07,InnerCircle,B8,Mirage,3,1,2.39,1.58,-51,-264,0.486,0.462,2.772588722239781,2.772588722239781,0.47,0.53,0.5,-0.017999,-0.1691999,0.51,0.55,0.295,1,0,0.0
2026-04-07,FOKUS,BC.Game,Ancient,3,1,1.75,2.08,7,128,0.68,0.348,2.772588722239781,2.772588722239781,0.91,0.14,0.5,0.074,0.0554999,0.65,0.38,0.349,5,0,1.0
2026-04-07,BC.Game,FOKUS,Ancient,3,1,2.08,1.75,-7,-128,0.348,0.68,2.772588722239781,2.772588722239781,0.14,0.91,0.5,-0.074,-0.0554999,0.38,0.65,0.651,0,5,0.0
2026-04-07,FOKUS,BC.Game,Overpass,3,1,1.75,2.08,7,128,0.68,0.348,2.772588722239781,2.772588722239781,0.67,0.667,0.5,0.074,0.0554999,0.65,0.38,0.349,5,0,1.0
2026-04-07,BC.Game,FOKUS,Overpass,3,1,2.08,1.75,-7,-128,0.348,0.68,2.772588722239781,2.772588722239781,0.667,0.67,0.5,-0.074,-0.0554999,0.38,0.65,0.651,0,5,0.0
2026-04-07,PARIVISION,3DMAX,Inferno,3,1,1.27,3.83,323,307,0.633,0.5,2.772588722239781,2.772588722239781,0.62,0.5,0.4,0.03,0.1358,0.62,0.57,0.785,0,1,0.0
2026-04-07,3DMAX,PARIVISION,Inferno,3,1,3.83,1.27,-323,-307,0.5,0.633,2.772588722239781,2.772588722239781,0.5,0.62,0.4,-0.03,-0.1358,0.57,0.62,0.2149999999999999,1,0,1.0
2026-04-07,PARIVISION,3DMAX,Dust2,3,1,1.27,3.83,323,307,0.633,0.5,2.772588722239781,2.772588722239781,0.65,0.52,0.4,0.03,0.1358,0.62,0.57,0.785,0,1,0.0
2026-04-07,3DMAX,PARIVISION,Dust2,3,1,3.83,1.27,-323,-307,0.5,0.633,2.772588722239781,2.772588722239781,0.52,0.65,0.4,-0.03,-0.1358,0.57,0.62,0.2149999999999999,1,0,1.0
2026-04-08,FOKUS,EYEBALLERS,Inferno,3,1,1.85,2.05,0,-6,0.692,0.515,2.772588722239781,2.772588722239781,0.64,0.42,0.6,0.024,0.018,0.65,0.54,0.635,5,0,0.0
2026-04-08,EYEBALLERS,FOKUS,Inferno,3,1,2.05,1.85,0,6,0.515,0.692,2.772588722239781,2.772588722239781,0.42,0.64,0.6,-0.024,-0.018,0.54,0.65,0.365,0,5,1.0
2026-04-08,FOKUS,EYEBALLERS,Nuke,3,1,1.85,2.05,0,-6,0.692,0.515,2.772588722239781,2.772588722239781,0.62,0.86,0.6,0.024,0.018,0.65,0.54,0.635,5,0,1.0
2026-04-08,EYEBALLERS,FOKUS,Nuke,3,1,2.05,1.85,0,6,0.515,0.692,2.772588722239781,2.772588722239781,0.86,0.62,0.6,-0.024,-0.018,0.54,0.65,0.365,0,5,0.0
2026-04-08,FOKUS,EYEBALLERS,Dust2,3,1,1.85,2.05,0,-6,0.692,0.515,2.772588722239781,2.772588722239781,0.38,0.43,0.6,0.024,0.018,0.65,0.54,0.635,5,0,0.0
2026-04-08,EYEBALLERS,FOKUS,Dust2,3,1,2.05,1.85,0,6,0.515,0.692,2.772588722239781,2.772588722239781,0.43,0.38,0.6,-0.024,-0.018,0.54,0.65,0.365,0,5,1.0
2026-04-08,B8,Legacy,Dust2,3,1,2.3,1.62,-15,-11,0.481,0.609,2.772588722239781,2.772588722239781,0.55,0.6,0.7,-0.058,-0.0522,0.55,0.6,0.467,0,0,1.0
2026-04-08,Legacy,B8,Dust2,3,1,1.62,2.3,15,11,0.609,0.481,2.772588722239781,2.772588722239781,0.6,0.55,0.7,0.058,0.0522,0.6,0.55,0.5329999999999999,0,0,0.0
2026-04-08,B8,Legacy,Ancient,3,1,2.3,1.62,-15,-11,0.481,0.609,2.772588722239781,2.772588722239781,0.73,0.7,0.7,-0.058,-0.0522,0.55,0.6,0.467,0,0,1.0
2026-04-08,Legacy,B8,Ancient,3,1,1.62,2.3,15,11,0.609,0.481,2.772588722239781,2.772588722239781,0.7,0.73,0.7,0.058,0.0522,0.6,0.55,0.5329999999999999,0,0,0.0
2026-04-08,PARIVISION,Wildcard,Mirage,3,1,1.13,5.94,403,295,0.613,0.571,2.772588722239781,2.772588722239781,0.39,0.64,0.5,0.016,0.4424,0.61,0.55,0.708,0,1,1.0
2026-04-08,Wildcard,PARIVISION,Mirage,3,1,5.94,1.13,-403,-295,0.571,0.613,2.772588722239781,2.772588722239781,0.64,0.39,0.5,-0.016,-0.4424,0.55,0.61,0.292,1,0,0.0
2026-04-08,PARIVISION,Wildcard,Dust2,3,1,1.13,5.94,403,295,0.613,0.571,2.772588722239781,2.772588722239781,0.62,0.333,0.5,0.016,0.4424,0.61,0.55,0.708,0,1,1.0
2026-04-08,Wildcard,PARIVISION,Dust2,3,1,5.94,1.13,-403,-295,0.571,0.613,2.772588722239781,2.772588722239781,0.333,0.62,0.5,-0.016,-0.4424,0.55,0.61,0.292,1,0,0.0
2026-04-09,MIBR,3DMAX,Inferno,3,1,1.61,2.34,-58,-74,0.8,0.514,2.772588722239781,2.772588722239781,0.73,0.54,0.5,0.062,-0.1124999,0.75,0.59,0.503,0,1,1.0
2026-04-09,3DMAX,MIBR,Inferno,3,1,2.34,1.61,58,74,0.514,0.8,2.772588722239781,2.772588722239781,0.54,0.73,0.5,-0.062,0.1124999,0.59,0.75,0.497,1,0,0.0
2026-04-09,MIBR,3DMAX,Ancient,3,1,1.61,2.34,-58,-74,0.8,0.514,2.772588722239781,2.772588722239781,0.85,0.31,0.5,0.062,-0.1124999,0.75,0.59,0.503,0,1,0.0
2026-04-09,3DMAX,MIBR,Ancient,3,1,2.34,1.61,58,74,0.514,0.8,2.772588722239781,2.772588722239781,0.31,0.85,0.5,-0.062,0.1124999,0.59,0.75,0.497,1,0,1.0
2026-04-09,MIBR,3DMAX,Nuke,3,1,1.61,2.34,-58,-74,0.8,0.514,2.772588722239781,2.772588722239781,0.62,0.6,0.5,0.062,-0.1124999,0.75,0.59,0.503,0,1,0.0
2026-04-09,3DMAX,MIBR,Nuke,3,1,2.34,1.61,58,74,0.514,0.8,2.772588722239781,2.772588722239781,0.6,0.62,0.5,-0.062,0.1124999,0.59,0.75,0.497,1,0,1.0
2026-04-09,Astralis,EYEBALLERS,Mirage,3,1,1.13,6.03,188,344,0.621,0.529,2.772588722239781,2.772588722239781,0.38,0.63,0.5,-0.018,0.1419,0.52,0.54,0.795,0,1,0.0
2026-04-09,EYEBALLERS,Astralis,Mirage,3,1,6.03,1.13,-188,-344,0.529,0.621,2.772588722239781,2.772588722239781,0.63,0.38,0.5,0.018,-0.1419,0.54,0.52,0.2049999999999999,1,0,1.0
2026-04-09,Astralis,EYEBALLERS,Ancient,3,1,1.13,6.03,188,344,0.621,0.529,2.772588722239781,2.772588722239781,0.85,0.46,0.5,-0.018,0.1419,0.52,0.54,0.795,0,1,1.0
2026-04-09,EYEBALLERS,Astralis,Ancient,3,1,6.03,1.13,-188,-344,0.529,0.621,2.772588722239781,2.772588722239781,0.46,0.85,0.5,0.018,-0.1419,0.54,0.52,0.2049999999999999,1,0,0.0
2026-04-09,Astralis,EYEBALLERS,Inferno,3,1,1.13,6.03,188,344,0.621,0.529,2.772588722239781,2.772588722239781,0.6,0.42,0.5,-0.018,0.1419,0.52,0.54,0.795,0,1,1.0
2026-04-09,EYEBALLERS,Astralis,Inferno,3,1,6.03,1.13,-188,-344,0.529,0.621,2.772588722239781,2.772588722239781,0.42,0.6,0.5,0.018,-0.1419,0.54,0.52,0.2049999999999999,1,0,0.0
2026-04-09,FUT,B8,Ancient,3,1,1.37,3.12,91,260,0.567,0.5,2.772588722239781,2.772588722239781,0.53,0.75,0.5,0.04,0.036,0.61,0.55,0.866,0,0,1.0
2026-04-09,B8,FUT,Ancient,3,1,3.12,1.37,-91,-260,0.5,0.567,2.772588722239781,2.772588722239781,0.75,0.53,0.5,-0.04,-0.036,0.55,0.61,0.134,0,0,0.0
2026-04-09,FUT,B8,Overpass,3,1,1.37,3.12,91,260,0.567,0.5,2.772588722239781,2.772588722239781,0.45,0.25,0.5,0.04,0.036,0.61,0.55,0.866,0,0,1.0
2026-04-09,B8,FUT,Overpass,3,1,3.12,1.37,-91,-260,0.5,0.567,2.772588722239781,2.772588722239781,0.25,0.45,0.5,-0.04,-0.036,0.55,0.61,0.134,0,0,0.0
2026-04-09,TheMongolZ,PARIVISION,Dust2,3,1,1.86,1.96,-81,17,0.565,0.625,2.772588722239781,2.772588722239781,0.56,0.64,0.5,-0.03,-0.03,0.6,0.62,0.557,0,0,0.0
2026-04-09,PARIVISION,TheMongolZ,Dust2,3,1,1.96,1.86,81,-17,0.625,0.565,2.772588722239781,2.772588722239781,0.64,0.56,0.5,0.03,0.03,0.62,0.6,0.4429999999999999,0,0,1.0
2026-04-09,TheMongolZ,PARIVISION,Mirage,3,1,1.86,1.96,-81,17,0.565,0.625,2.772588722239781,2.772588722239781,0.56,0.42,0.5,-0.03,-0.03,0.6,0.62,0.557,0,0,1.0
2026-04-09,PARIVISION,TheMongolZ,Mirage,3,1,1.96,1.86,81,-17,0.625,0.565,2.772588722239781,2.772588722239781,0.42,0.56,0.5,0.03,0.03,0.62,0.6,0.4429999999999999,0,0,0.0
2026-04-09,TheMongolZ,PARIVISION,Ancient,3,1,1.86,1.96,-81,17,0.565,0.625,2.772588722239781,2.772588722239781,0.38,0.82,0.5,-0.03,-0.03,0.6,0.62,0.557,0,0,1.0
2026-04-09,PARIVISION,TheMongolZ,Ancient,3,1,1.96,1.86,81,-17,0.625,0.565,2.772588722239781,2.772588722239781,0.82,0.38,0.5,0.03,0.03,0.62,0.6,0.4429999999999999,0,0,0.0
2026-04-10,3DMAX,Astralis,Dust2,3,1,3.01,1.39,-125,-240,0.526,0.633,2.772588722239781,2.772588722239781,0.54,0.39,0.125,0.021999,-0.084,0.59,0.52,0.254,1,0,1.0
2026-04-10,Astralis,3DMAX,Dust2,3,1,1.39,3.01,125,240,0.633,0.526,2.772588722239781,2.772588722239781,0.39,0.54,0.125,-0.021999,0.084,0.52,0.59,0.746,0,1,0.0
2026-04-10,3DMAX,Astralis,Overpass,3,1,3.01,1.39,-125,-240,0.526,0.633,2.772588722239781,2.772588722239781,0.43,0.71,0.125,0.021999,-0.084,0.59,0.52,0.254,1,0,1.0
2026-04-10,Astralis,3DMAX,Overpass,3,1,1.39,3.01,125,240,0.633,0.526,2.772588722239781,2.772588722239781,0.71,0.43,0.125,-0.021999,0.084,0.52,0.59,0.746,0,1,0.0
2026-04-10,FUT,TheMongolZ,Nuke,3,1,1.81,2.01,-164,-71,0.581,0.583,2.772588722239781,2.772588722239781,0.8,0.7,0.5,0.024,-0.0841999,0.61,0.6,0.627,0,0,1.0
2026-04-10,TheMongolZ,FUT,Nuke,3,1,2.01,1.81,164,71,0.583,0.581,2.772588722239781,2.772588722239781,0.7,0.8,0.5,-0.024,0.0841999,0.6,0.61,0.373,0,0,0.0
2026-04-10,FUT,TheMongolZ,Mirage,3,1,1.81,2.01,-164,-71,0.581,0.583,2.772588722239781,2.772588722239781,0.76,0.59,0.5,0.024,-0.0841999,0.61,0.6,0.627,0,0,1.0
2026-04-10,TheMongolZ,FUT,Mirage,3,1,2.01,1.81,164,71,0.583,0.581,2.772588722239781,2.772588722239781,0.59,0.76,0.5,-0.024,0.0841999,0.6,0.61,0.373,0,0,0.0
2026-04-11,3DMAX,TheMongolZ,Inferno,3,1,2.93,1.41,-242,-243,0.513,0.56,2.772588722239781,2.772588722239781,0.5,0.333,0.423076923,0.004,-0.102,0.57,0.6,0.209,1,0,0.0
2026-04-11,TheMongolZ,3DMAX,Inferno,3,1,1.41,2.93,242,243,0.56,0.513,2.772588722239781,2.772588722239781,0.333,0.5,0.423076923,-0.004,0.102,0.6,0.57,0.791,0,1,1.0
2026-04-11,3DMAX,TheMongolZ,Ancient,3,1,2.93,1.41,-242,-243,0.513,0.56,2.772588722239781,2.772588722239781,0.36,0.44,0.423076923,0.004,-0.102,0.57,0.6,0.209,1,0,0.0
2026-04-11,TheMongolZ,3DMAX,Ancient,3,1,1.41,2.93,242,243,0.56,0.513,2.772588722239781,2.772588722239781,0.44,0.36,0.423076923,-0.004,0.102,0.6,0.57,0.791,0,1,1.0
2026-04-11,Astralis,FUT,Ancient,3,1,2.21,1.68,47,42,0.645,0.594,2.772588722239781,2.772588722239781,0.86,0.56,0.5,-0.044,-0.0396,0.53,0.61,0.328,0,0,0.0
2026-04-11,FUT,Astralis,Ancient,3,1,1.68,2.21,-47,-42,0.594,0.645,2.772588722239781,2.772588722239781,0.56,0.86,0.5,0.044,0.0396,0.61,0.53,0.6719999999999999,0,0,1.0
2026-04-11,Astralis,FUT,Mirage,3,1,2.21,1.68,47,42,0.645,0.594,2.772588722239781,2.772588722239781,0.36,0.77,0.5,-0.044,-0.0396,0.53,0.61,0.328,0,0,0.0
2026-04-11,FUT,Astralis,Mirage,3,1,1.68,2.21,-47,-42,0.594,0.645,2.772588722239781,2.772588722239781,0.77,0.36,0.5,0.044,0.0396,0.61,0.53,0.6719999999999999,0,0,1.0
2026-04-11,Astralis,FUT,Nuke,3,1,2.21,1.68,47,42,0.645,0.594,2.772588722239781,2.772588722239781,0.62,0.83,0.5,-0.044,-0.0396,0.53,0.61,0.328,0,0,1.0
2026-04-11,FUT,Astralis,Nuke,3,1,1.68,2.21,-47,-42,0.594,0.645,2.772588722239781,2.772588722239781,0.83,0.62,0.5,0.044,0.0396,0.61,0.53,0.6719999999999999,0,0,0.0
2026-04-11,Astralis,FUT,Dust2,3,1,2.21,1.68,47,42,0.645,0.594,2.772588722239781,2.772588722239781,0.333,0.5,0.5,-0.044,-0.0396,0.53,0.61,0.328,0,0,0.0
2026-04-11,FUT,Astralis,Dust2,3,1,1.68,2.21,-47,-42,0.594,0.645,2.772588722239781,2.772588722239781,0.5,0.333,0.5,0.044,0.0396,0.61,0.53,0.6719999999999999,0,0,1.0
